date,open,high,low,close,volume,title,description,title_sentiment,desc_sentiment,daily_change_pct,market_sentiment,next_day_change_pct,next_day_sentiment
2018-08-03 23:00:49.474,315.0,324.75,314.25,322.01,124248.0,"Suzlon, JP Power, Divi’s results on Saturday","Saturday will see close to 35 companies declaring their April-June quarter financial performance. Among these are Aarti Industries, ACE, Andhra Petrochemicals, Divi’s Labs, India Glycols, Jaiprakash P",neutral,neutral,2.2253968253968224,positive,0.6960556844547563,neutral
2018-08-10 18:01:21.334,359.38,359.5,347.51,348.19,95164.0,Accumulate Aarti Industries; target of Rs 1493: Geojit,"Geojit recommended accumulate rating on Aarti Industries with a target price of Rs 1493 in its research report dated August 08, 2018.",neutral,positive,-3.1136958094496068,negative,0.3424460431654669,neutral
2018-10-22 10:01:47.036,310.5,314.88,306.0,312.77,465448.0,"Aarti Industries may test Rs 1,600: AnandRathi",The company plans capex of Rs 1200 crore in two phases of Rs 600 crore each in FY19 and FY20.,neutral,neutral,0.7310789049919426,neutral,0.0224057358683801,neutral
2018-11-28 18:01:25.749,371.0,371.0,361.25,364.16,167808.0,Accumulate Aarti Industries; target of Rs 1704: CD Equisearch,"CD Equisearch recommended accumulate rating on Aarti Industries with a target price of Rs 1704 in its research report dated November 28, 2018.",neutral,positive,-1.8436657681940636,negative,-3.81917808219178,negative
2019-01-04 13:00:48.726,358.0,366.44,358.0,365.0,271956.0,Steady performers: 11 stocks that gave double-digit returns for 4 straight years,"Aarti Industries, Bajaj Finance, Biocon and HDFC Bank, among others, feature in the list of 11 stocks that gave positive, double-digit return in the past four years in BSE 500 stocks list.",positive,positive,1.9553072625698324,positive,-0.3389830508474576,neutral
2019-01-04 18:02:40.044,358.0,366.44,358.0,365.0,271956.0,Steady performers: 11 stocks that gave double-digit returns for 4 straight years,"Aarti Industries, Bajaj Finance, Biocon and HDFC Bank, among others, feature in the list of 11 stocks that gave positive, double-digit return in the past four years in BSE 500 stocks list.",positive,positive,1.9553072625698324,positive,-0.3389830508474576,neutral
2019-02-04 18:00:06.403,434.5,451.96,417.5,419.25,641624.0,This speciality chemicals stock zoomed 1700% in 5 years; hits new high,"Aarti Industries hit a new high of Rs 1,714, rallying 1704 per cent in the past five years from the level of Rs 95 on the BSE.",positive,positive,-3.509781357882624,negative,-4.011855364552464,negative
2019-02-20 10:00:43.678,337.5,342.19,325.0,328.5,1682032.0,Aarti Industries gains 4% on $125 million multi-year deal,The contract entails supply of a high value specialty chemical intermediate for a period of 10 years.,positive,neutral,-2.666666666666667,negative,5.040060468631902,positive
2019-02-21 10:00:18.276,330.75,358.73,327.83,347.42,1995088.0,₹900-crore order may boost Aarti Industries," Aarti lndustries, on Wednesday, said it has bagged a $125-million (₹900-crore) contract from a global firm to supply a high-value specialty chemical intermediate for 10 years. It estimates an investm",positive,positive,5.040060468631902,positive,1.0775862068965518,positive
2019-03-07 18:00:33.044,371.01,380.0,366.5,368.5,459796.0,Hold Aarti Industries; target of Rs 1787: Geojit,"Geojit recommended hold rating on Aarti Industries with a target price of Rs 1787 in its research report dated February 07, 2019.",neutral,positive,-0.6765316298752031,neutral,-0.4609909958483796,neutral
2019-03-07 23:01:10.334,371.01,380.0,366.5,368.5,459796.0,Hold Aarti Industries; target of Rs 1787: Geojit,"Geojit recommended hold rating on Aarti Industries with a target price of Rs 1787 in its research report dated February 07, 2019.",neutral,positive,-0.6765316298752031,neutral,-0.4609909958483796,neutral
2019-03-26 18:02:32.901,382.5,398.74,382.5,396.5,1284988.0,Aarti Industries raises Rs 750 crores via QIP; scrip rises 5%,"The QIP had opened on March 18, 2019 and closed on March 22, 2019.",positive,neutral,3.6601307189542487,positive,-1.7084311201958216,negative
2019-04-04 10:00:10.125,394.9,397.5,391.25,395.25,223664.0,'Midcaps could give better returns than largecaps over 12-18 months',"Top five picks are ICICI Bank, Aarti Industries, Kalpataru Power, Yes Bank, Arvind Fashions, We see scope for 25-30% upside over next one year",positive,positive,0.0886300329197322,neutral,2.176100628930812,positive
2019-04-12 18:00:15.280,412.75,414.65,404.25,405.88,132908.0,Top 30 stocks that fund managers bought & sold in March; do you own any?,"Top 30 stocks which witnessed strong buying according to change in value include names like NTPC, ICICI Prudential, L&T, SBI Life, SBI, Jubilant Food, Maruti, Bank of Baroda, Relaxo and Aarti Industries among others.",neutral,positive,-1.6644457904300434,negative,0.8590557770885663,neutral
2019-05-14 10:02:33.660,388.0,391.55,385.56,388.75,458152.0,"Stocks in the news: Siemens, Godrej Industries, Avadh Sugar, Engineers India, Aarti Industries",Divis Lab | United Bank of India | Engineers India and Indian Acrylics  are stocks which are in news today.,neutral,neutral,0.1932989690721649,neutral,-1.4819506016466175,negative
2019-05-21 10:01:19.428,411.0,431.49,411.0,429.27,701252.0,"What to watch: Aarti Industries - Eyes on result, bonus meet","The board of directors of Aarti Industries on Tuesday will consider and approve the financial results for the period ended March 31, 2019, and recommend final dividend, if any. Besides, the board may",neutral,neutral,4.445255474452551,positive,0.5952380952380952,neutral
2019-05-29 18:01:42.886,440.0,462.5,440.0,462.5,537424.0,Ideas for Profit | Aarti Industries Q4: Strong domestic demand aids outlook; accumulate on dips,Ideas for Profit | Aarti Industries Q4: Strong domestic demand aids outlook; accumulate on dips,neutral,neutral,5.113636363636364,positive,0.9189189189189187,positive
2019-07-09 18:00:20.302,433.5,433.5,405.0,408.83,209448.0,"UPL, SRF, Aarti Industries stocks drop after BASF issues profit warning","BASF on Monday has cut its full-year forecast and also warned that profits may fall by as much as 47% in the second quarter of the calendar year 2019, citing the US-China trade war and weakness in the automobile sector, as per media reports.",negative,negative,-5.690888119953868,negative,-4.208654416123296,negative
2019-07-29 13:00:13.030,412.69,417.5,406.25,407.5,68832.0,"Out of 129 stocks, 4 rose more than 100% in which FIIs raised stake in last 4 quarters","As many as 33 stocks returned over 10% in the last one-year. These include stocks like Muthoot Finance, ICICI Lombard, PNC Infratech, Varun Beverages, Atul, JustDial, and Aarti Industries",positive,positive,-1.2576025588213908,negative,3.3950617283950617,positive
2019-09-26 10:01:21.671,407.46,412.49,399.01,400.0,340872.0,Aarti Industries shares to turn ex-bonus, Shares of Aarti Industries will turn ex-bonus on Friday. The specialty chemicals company is rewarding its shareholders with one bonus share for every share held. Shareholders and investors wishing to,neutral,neutral,-1.8308545624110293,negative,-2.9249106078665035,negative
2019-11-19 10:01:32.576,417.5,427.5,408.0,418.0,538046.0,Aarti Industries Q2: Margin profile stands out; buy on dips,Aarti Industries Q2: Margin profile stands out; buy on dips,positive,positive,0.1197604790419161,neutral,0.2473789610083664,neutral
2019-11-28 10:03:12.353,409.5,427.5,404.3,420.8,209032.0,Aarti Industries incorporates wholly owned subsidiary Aarti Pharmachem,"Aarti Pharmachem Ltd.'s authorized capital is Rs50,00,000 and paid-up capital is Rs25,00,000. The company is yet to commence business.",neutral,neutral,2.759462759462762,positive,-1.0017678255745437,negative
2020-01-10 18:03:45.041,460.0,462.12,425.5,434.0,1366152.0,Aarti Industries share price slips 4% after I-T searches,The reason behind the searches wasn't immediately known.,negative,neutral,-5.652173913043479,negative,-0.9590643274853854,negative
2020-02-19 18:03:07.031,500.48,527.0,499.17,521.55,1098832.0,"Coronavirus-led disruption positive for our chemical biz: Rajendra Gogri, Aarti Industries",Gogri of Aarti Industries says coronavirus outbreak may increase demand from existing clients.,positive,positive,4.209958439897686,positive,-0.8758421559191442,neutral
2020-04-15 09:18:00.000,460.0,469.4,448.5,457.5,862512.0,Specialty chemical cos could be good bets as world looks beyond China to lower risk,"Aarti Industries, PI Industries, Fine Organics, Galaxy Surfactants among good picks.",positive,neutral,-0.5434782608695652,neutral,0.5232432432432467,neutral
2020-04-21 20:11:00.000,457.5,467.25,451.75,455.0,251564.0,Order inflow to improve for manufacturers of specialty chemicals,"Galaxy Surfactants, SRF, Aarti Industries among companies to benefit given supply of essential ingredients, alternative supply chain to China and weak crude oil prices",positive,negative,-0.546448087431694,neutral,1.4763736976352049,positive
2020-04-24 06:58:00.000,468.5,472.3,459.0,465.0,399278.0,Aarti Industries to revamp biz with no dependency on China; stock drops 2%,The company has resumed operations at all manufacturing units since the first half of April.,negative,neutral,-0.7470651013874066,neutral,10.21505376344086,positive
2020-04-27 09:00:13.000,465.0,514.25,465.0,512.5,1635502.0,Aarti Industries: Well-positioned to capture shift in chemical supply chain,,neutral,neutral,10.21505376344086,positive,6.507177033492822,positive
2020-04-28 11:58:00.000,522.5,557.5,521.5,556.5,2733518.0,"Chemical shares in focus; Aarti Industries, Vinati Organics surge over 9%",Analysts at Dolat Capital have kept their FY20E estimates for the sector largely unchanged as they estimate limited impact of Covid-19 on the sector,positive,neutral,6.507177033492822,positive,-0.492831541218638,neutral
2020-05-05 14:40:00.000,575.0,581.75,541.0,550.0,1405964.0,"Aarti Industries jumps 9%, hits new high; stock rallies 31% in 8 days",The management of Aarti Industries have positive view on the long-term demand for their products,positive,positive,-4.3478260869565215,negative,1.4842300556586272,positive
2020-05-06 07:16:00.000,575.0,581.75,541.0,550.0,1405964.0,"Hot Stocks | Here’s why AstraZeneca, Aarti Industries and Bharti Airtel are a buy for short term","On the technical front, secondary oscillators and price action is suggesting some consolidation in a broader range of 9,000-9,500 in the coming sessions.",positive,positive,-4.3478260869565215,negative,1.4842300556586272,positive
2020-05-25 05:30:00.000,513.5,513.5,495.5,507.35,985606.0,BRIEF-India’s Aarti Industries March Quarter Consol Profit Falls - Investing.com India,"The Financial News section features stock market news in addition to stories about bonds, forex, commodities and economic releases.",neutral,neutral,-1.1976630963972692,negative,-3.044367526746385,negative
2020-05-26 07:15:43.000,513.5,513.5,495.5,507.35,985606.0,"Stocks To Watch: HDFC, JSW Steel, UPL, Avenue Supermarts, Aarti Industries, IDFC First Bank",Here are the stocks to watch in today’s trading session.,neutral,neutral,-1.1976630963972692,negative,-3.044367526746385,negative
2020-05-27 09:50:29.000,508.48,510.5,492.0,493.0,762698.0,Aarti Industries Q4: Near-term uncertainty leads to capex deferral,,neutral,neutral,-3.044367526746385,negative,-1.1185006045949235,negative
2020-05-27 11:11:00.000,508.48,510.5,492.0,493.0,762698.0,Accumulate Aarti Industries; target of Rs 992: Prabhudas Lilladher,"Prabhudas Lilladher recommended accumulate rating on Aarti Industries with a target price of Rs 992 in its research report dated May 26, 2020.",neutral,positive,-3.044367526746385,negative,-1.1185006045949235,negative
2020-05-29 15:37:00.000,493.58,493.58,481.52,486.73,848220.0,Hold Aarti Industries; target of Rs 1002: East India Securities,"East India Securities recommended hold rating on Aarti Industries with a target price of Rs 1002 in its research report dated May 29, 2020.",neutral,positive,-1.3878196037116508,negative,-0.4259634888438179,neutral
2020-06-10 16:47:44.000,466.5,469.0,459.55,462.8,550130.0,Buy Aarti Industries; Target Of Rs 1151: Geojit,"Geojit recommended is bullish on Aarti Industries recommended buy rating on the stock with a target price of Rs 1151 in its research report dated Jun 08, 2020.",neutral,positive,-0.7931404072883149,neutral,3.728813559322034,positive
2020-06-15 05:30:00.000,452.5,459.0,425.15,439.45,10186562.0,BRIEF-Aarti Industries Says Customer Invoked “Termination Of Convenience” Clause Of A Long Term Contract - Investing.com India,"The Financial News section features stock market news in addition to stories about bonds, forex, commodities and economic releases.",neutral,neutral,-2.8839779005524884,negative,4.147982062780269,positive
2020-06-15 10:29:39.000,452.5,459.0,425.15,439.45,10186562.0,Aarti Industries announces termination of contract; shares fall 6%,Aarti Industries has formed on Monday that it received a termination notice from a customer with which it had entered into a long-term contrat.The 10-year contract was to supply a high-value agrochemi,negative,neutral,-2.8839779005524884,negative,4.147982062780269,positive
2020-06-15 10:38:00.000,452.5,459.0,425.15,439.45,10186562.0,Aarti Industries dips 7% on early termination of long-term contract,"On June 15, 2017, the company had entered into a 10-year contract with a Global Agrochemical Major, to supply a high-value agrochemical intermediary with application into Herbicides",neutral,positive,-2.8839779005524884,negative,4.147982062780269,positive
2020-06-15 11:29:06.000,452.5,459.0,425.15,439.45,10186562.0,"Aarti Industries’ Rs 4,000 Crore Contract With Global Firm Cancelled","In a regulatory filing, AIL informed that the company in June 2017 had entered a 10-year contract with a global agrochemical major to supply a high-value agrochemical intermediary with application in herbicides.",neutral,positive,-2.8839779005524884,negative,4.147982062780269,positive
2020-06-15 12:04:00.000,446.0,466.5,440.05,464.5,4995924.0,"Aarti Industries’ Rs 4,000-crore contract with global firm cancelled","In a regulatory filing, AIL informed that the company in June 2017 had entered a 10-year contract with a global agrochemical major to supply a high-value agrochemical intermediary with application in herbicides. The contract was expected to generate revenue of about Rs 4,000 crore over the 10-year…",negative,positive,4.147982062780269,positive,0.8673139158576013,neutral
2020-06-15 12:22:06.000,446.0,466.5,440.05,464.5,4995924.0,"Aarti Industries Shares Tumble 6% On Termination Of Contract Worth Rs 4,000 Crore","In a regulatory filing, AIL informed that the company in June 2017 had entered a 10-year contract with a global agrochemical major to supply a high-value agrochemical intermediary with application in herbicides.",neutral,positive,4.147982062780269,positive,0.8673139158576013,neutral
2020-06-15 14:21:00.000,446.0,466.5,440.05,464.5,4995924.0,Won’t see any impact on revenues due to early termination of agrochem contract: Aarti Industries CMD,’We will carry out the evaluation to see whether part of the facility can be used for other products,neutral,neutral,4.147982062780269,positive,0.8673139158576013,neutral
2020-06-15 19:46:06.000,446.0,466.5,440.05,464.5,4995924.0,Smallcap World Fund Sells Aarti Industries Shares Worth Rs 222 Crore,"As per bulk deal data on the NSE, nearly 16 lakh shares of Aarti Industries were sold by Smallcap World Fund at Rs 854.71 per scrip, valuing the transaction at Rs 136.57 crore.",neutral,neutral,4.147982062780269,positive,0.8673139158576013,neutral
2020-06-15 20:31:00.000,446.0,466.5,440.05,464.5,4995924.0,NSE-BSE bulk deals: Smallcap World Fund sells Aarti Industries,Heres who bought and sold what in some of the key bulk deals of the day.,neutral,neutral,4.147982062780269,positive,0.8673139158576013,neutral
2020-06-15 21:13:04.000,446.0,466.5,440.05,464.5,4995924.0,"India Opportunities Growth Fund Sells More Shares In Aarey Drugs, Smallcap World Fund Offloads Big Stake In Aarti Industries",Parvesh Sahib Singh bought 1.1 crore shares in Vikas Multicorp at Rs 3.65 per share.,neutral,neutral,4.147982062780269,positive,0.8673139158576013,neutral
2020-06-16 07:42:08.000,446.0,466.5,440.05,464.5,4995924.0,"In Pics | Stocks In The News: Tata Motors, HCL Info, Shalby, Aarey Drugs, Shriram Transport, Aarti Industries","Aarti Industries, Shilpa Medicare, Can Fin Homes, Ruby Mills, CCL Products, Intellect Design Arena are some stocks in focus today.",neutral,neutral,4.147982062780269,positive,0.8673139158576013,neutral
2020-06-16 12:41:23.000,463.5,474.5,458.2,467.52,2612306.0,"Aarti Industries share price jumps 7%; brokerages say ‘buy’ this stock, it may gain this much more","Smallcap World Fund sold Aarti Industries shares in two transactions NSE and BSE each, according to the bulk data available on the bourses. Smallcap World Fund sold 15,97,950 shares of the speciality chemicals maker at an average price of Rs 854.71 each on the NSE",positive,neutral,0.8673139158576013,neutral,0.5304585900068486,neutral
2020-06-16 18:43:40.000,463.5,474.5,458.2,467.52,2612306.0,"Aarti Industries’ Shares Surge Even As A Rs 4,000-Crore Contract Is Terminated",Aarti Industries saw a big contract terminated but analysts and the firm’s management don’t expect that to impact operations.,neutral,negative,0.8673139158576013,neutral,0.5304585900068486,neutral
2020-06-17 09:18:51.000,463.5,474.5,458.2,467.52,2612306.0,Aarti Industries: The Risk Of Contract Termination Becoming A Trend For The Industry,"This rethink is being fuelled by the uncertain demand situation at present, which is reflecting in the desire to lower supply chain risk, change outsourcing contracts and calibrate capex growth.",neutral,positive,0.8673139158576013,neutral,0.5304585900068486,neutral
2020-06-17 10:11:47.000,463.5,474.5,458.2,467.52,2612306.0,Accumulate Aarti Industries; Target Of Rs 1024: Prabhudas Lilladher,"Prabhudas Lilladher recommended accumulate rating on Aarti Industries with a target price of Rs 1024 in its research report dated June 15, 2020.",neutral,positive,0.8673139158576013,neutral,0.5304585900068486,neutral
2020-06-18 11:22:11.000,467.52,473.12,462.65,470.0,1993586.0,Hold Aarti Industries; Target Of Rs 968: East India Securities,"East India Securities recommended hold rating on Aarti Industries with a target price of Rs 968 in its research report dated June 16, 2020.",neutral,positive,0.5304585900068486,neutral,1.6931216931216932,positive
2020-06-18 12:51:09.000,472.5,481.38,467.5,480.5,1481868.0,"Edelweiss Picks ‘winners’, ‘value’ & ‘warrior’ Stocks From Small & Midcaps Space","The portfolio ‘Winners’ constitutes of stocks that are quality, has the market leadership, and structural opportunities. The portfolio includes names like IGL, Aarti Industries, etc, among others.",neutral,neutral,1.6931216931216932,positive,1.3686415196068196,positive
2020-06-22 17:50:00.000,489.0,489.0,481.0,482.5,666496.0,"PI Industries, Aarti Industries & SRF top bets in specialty chem space: Edelweiss Wealth",’I think the unlocking is happening very smoothly and strongly,neutral,neutral,-1.329243353783231,negative,-2.2614622057001217,negative
2020-07-01 16:05:00.000,468.0,468.0,462.52,463.25,373654.0,"Aarti Industries, HDFC AMC among 11 stocks that could be a part of F&O segment soon","In the last F&O inclusion in April, NSE had announced the introduction of SBI Life Insurance.",neutral,neutral,-1.014957264957265,negative,0.0,neutral
2020-07-01 17:42:23.000,468.0,468.0,462.52,463.25,373654.0,"ICICI Direct expects HDFC Asset, L&T Info, 9 others in F&O soon","ICICI Direct expects 11 stocks — Aarti Industries, Abbott India, Adani Gas, Deepak Nitrate, HDFC Asset Management, ICICI General Insurance, IPCA Lab, L&amp;T Infotech, Pfizer, PI Industries and Tr",neutral,neutral,-1.014957264957265,negative,0.0,neutral
2020-07-02 09:06:41.000,468.0,468.0,462.52,463.25,373654.0,"Stocks in focus: Axis Bank, Abbott India, Pfizer, Hero MotoCorp, Dr Reddy’s Laboratories, India Cements","Aarti Industries, Ipca LabAdani Gas, ICICI General Insurance, PI Industries, and Trent, L&T Infotech, HDFC AMC, and Deepak Nitrite are among 11 stocks that are likely to be included in the futures & options (F&O) segment",neutral,neutral,-1.014957264957265,negative,0.0,neutral
2020-07-02 10:12:40.000,468.0,468.0,462.52,463.25,373654.0,"HDFC AMC, Pfizer, L&T Infotech, Adani Gas among 11 stocks that could enter the F&O segment soon","HDFC AMC, Adani Gas, Aarti Industries, Pfizer, and Abbott India are some of the stocks that are all set to enter the F&O segment (Futures and Options) in the forthcoming announcement.",neutral,neutral,-1.014957264957265,negative,0.0,neutral
2020-07-03 14:22:00.000,465.0,467.5,462.02,465.0,318816.0,"Buy Aarti Industries, target price Rs 1,284: Angel Broking",The company has been constantly increasing its share of high margin downstream products which now accounts for 70 per cent of the companys revenues.,neutral,positive,0.0,neutral,-0.4515158030531118,neutral
2020-07-24 11:04:13.000,461.05,478.98,460.0,475.1,2999936.0,Volumes spurt at Aarti Industries Ltd counter,"Aarti Industries Ltd notched up volume of 84070 shares by 10:53 IST on BSE, a 5.34 fold spurt over two-week average daily volume of 15736 shares",neutral,positive,3.047391823012691,positive,-0.6146473590999039,neutral
2020-08-04 22:01:00.000,527.5,527.5,510.5,511.58,739416.0,"HDFC MF offloads Rs 17 crore worth stake in Aarti Surfactants, promoters turn buyers","Aarti Industries has demerged its home and personal care division and named it as Aarti Surfactants, which listed on exchanges with effect from July 14",neutral,neutral,-3.0180094786729885,negative,3.012633624878523,positive
2020-08-06 21:34:00.000,530.25,538.5,528.7,533.0,827940.0,"Adani Electricity Mumbai offloads 15 crore Yes Bank shares, GMO Fund sells 2.7% stake in Gayatri Projects","Abu Dhabi Investment Authority sold 39,537 shares in Aarti Surfactants, the demerged entity of Aarti Industries, at Rs 270.5 per share on the NSE.",neutral,neutral,0.5186232909005186,neutral,-1.212686567164179,negative
2020-08-12 05:30:00.000,516.45,526.5,503.0,508.0,624310.0,BRIEF-India’s Aarti Industries June-Qtr Consol Net Profit Falls - Investing.com India,"The Financial News section features stock market news in addition to stories about bonds, forex, commodities and economic releases.",neutral,neutral,-1.6361700067770442,negative,-0.0401203610832474,neutral
2020-08-12 06:40:00.000,516.45,526.5,503.0,508.0,624310.0,Aarti Industries Q1FY21; consolidated net profit falls by ~41% yoy,The company recorded a consolidated profit of ~Rs83cr in Q1FY21,negative,positive,-1.6361700067770442,negative,-0.0401203610832474,neutral
2020-08-12 08:11:00.000,516.45,526.5,503.0,508.0,624310.0,"Board Meetings Today: Aarti Industries, Natco Pharma, Ashok Leyland, Graphite India and NCC",It makes sense to have a look at the corporate agendas for the days as announced to the stock exchanges.,neutral,neutral,-1.6361700067770442,negative,-0.0401203610832474,neutral
2020-08-13 07:20:00.000,498.5,511.73,491.15,498.3,1381516.0,"In pics | Stocks in the news: Britannia, eClerx Services, Tata Power, Ashok Leyland, ABB India, InterGlobe Aviation","Thermax, NCC, Indiabulls Housing Finance, Aster DM Healthcare, Fine Organic Industries, Navneet Education, Cummins India, GSFC, Aarti Industries, Graphite India, Dixon Technologies, MAS Financial Services, Tube Investments of India, SH Kelkar, Gulf Oil Lubricants, Tanla Solutions, Pennar Industries,…",neutral,neutral,-0.0401203610832474,neutral,0.8982035928143712,neutral
2020-08-13 08:53:00.000,498.5,511.73,491.15,498.3,1381516.0,Aarti Industries consolidated net profit declines 40.74% in the June 2020 quarter,Sales decline 17.45% to Rs 937.33 crore,negative,negative,-0.0401203610832474,neutral,0.8982035928143712,neutral
2020-08-13 09:08:00.000,498.5,511.73,491.15,498.3,1381516.0,Aarti Industries standalone net profit declines 40.69% in the June 2020 quarter,Sales decline 8.81% to Rs 904.84 crore,negative,negative,-0.0401203610832474,neutral,0.8982035928143712,neutral
2020-08-14 10:23:33.000,501.0,514.5,494.0,505.5,1209964.0,"Aarti Industries Q1: Speciality is uninspiring, but pharma a saviour",The contraction seen in discretionary demand poses a major worry for Aarti Industries,neutral,negative,0.8982035928143712,neutral,-0.0979431929480901,neutral
2020-08-16 09:09:00.000,510.5,513.5,502.75,510.0,545604.0,Accumulate Aarti Industries; target of Rs 1024: Prabhudas Lilladher,"Prabhudas Lilladher recommended accumulate rating on Aarti Industries with a target price of Rs 1024 in its research report dated August 13, 2020.",neutral,positive,-0.0979431929480901,neutral,-0.60194174757282,neutral
2020-08-18 12:47:00.000,513.0,538.5,510.0,533.5,1352942.0,Buy Aarti Industries; target of Rs 1350: Dolat Capital,"Dolat Capital is bullish on Aarti Industries has recommended buy rating on the stock with a target price of Rs 1350 in its research report dated August 15, 2020.",neutral,positive,3.996101364522417,positive,5.361502347417832,positive
2020-08-19 13:38:24.000,532.5,574.4,521.03,561.05,2805060.0,KRChoksey: Covid-19 Affects Aarti Industries’ Specialty Segment; Pharma Remains Resilient,KRChoksey: Covid-19 Affects Aarti Industries’ Specialty Segment; Pharma Remains Resilient,neutral,neutral,5.361502347417832,positive,2.9955947136563874,positive
2020-08-21 05:36:00.000,567.5,614.5,561.05,584.5,5343050.0,"Broader markets outperform in today’s session; Aarti Industries, Whirlpool stocks rally","Shares of BASF and Butterfly Gandhimathi Appliances zoomed 20% each, Wabag, NIIT and Bank of Maharashtra climbed in the range of 19%-16%, respectively in the smallcap index.",positive,positive,2.9955947136563874,positive,-0.0846023688663282,neutral
2020-10-23 08:05:00.000,501.5,502.5,495.5,496.48,173574.0,"Stock picks by Nilesh Jain of Anand Rathi: Buy Adani Gas, Aarti Industries",Adani Gas stock is on the verge of a major breakout from a symmetrical triangle formation on the daily chart,neutral,neutral,-1.000997008973077,negative,-1.3316704216285815,negative
2020-10-29 17:04:00.000,505.0,511.25,494.55,499.0,219864.0,Accumulate Aarti Industries; target of Rs 1110: CD Equisearch,"CD Equisearch recommended accumulate rating on Aarti Industries with a target price of Rs 1110 in its research report dated October 28, 2020.",neutral,positive,-1.188118811881188,negative,-1.8287937743190616,negative
2020-11-02 08:21:00.000,514.0,514.0,495.0,504.6,281708.0,"Stocks in the news | RIL, ICICI Bank, UPL, DLF, Jindal Stainless, Axis Bank","Just Dial, Axis Bank, Escorts, Aarti Industries, IndusInd Bank, Rain Industries, Grasim Industries, are also among the stocks in focus today.",neutral,neutral,-1.8287937743190616,negative,-0.1970443349753694,neutral
2020-11-10 05:30:00.000,564.67,564.75,515.0,536.5,557290.0,BRIEF-Aarti Industries Logs Sept-Qtr Consol Profit of 1.4 Bln Rupees - Investing.com India,"The Financial News section features stock market news in addition to stories about bonds, forex, commodities and economic releases.",neutral,neutral,-4.988754493775118,negative,-2.583716106089778,negative
2020-11-10 12:31:00.000,539.92,539.92,515.67,525.97,496124.0,Aarti Industries Q2 PAT down 5.5% yoy at Rs143.5cr on input cost pressures,"Aarti Industries reported 18.68% increased in the Sep-20 quarter consolidated top line sales revenues at Rs1,172.64cr",negative,positive,-2.583716106089778,negative,2.3867924528301847,positive
2020-11-11 08:05:00.000,539.92,539.92,515.67,525.97,496124.0,"Stocks in the news | Raymond, Tata Power, NMDC, Apollo Pipes, Vikas Multicorp","Future Consumer, Aarti Industries, Bata India, HIL, V-Mart Retail, Crompton Greaves Consumer Electricals, are also among the stocks in focus today.",neutral,neutral,-2.583716106089778,negative,2.3867924528301847,positive
2020-11-11 08:18:00.000,539.92,539.92,515.67,525.97,496124.0,Aarti Industries consolidated net profit declines 4.96% in the September 2020 quarter,Sales rise 18.68% to Rs 1172.64 crore,negative,positive,-2.583716106089778,negative,2.3867924528301847,positive
2020-11-11 08:29:00.000,539.92,539.92,515.67,525.97,496124.0,"Wipro, ONGC, Aarti Industries in focus","Wipro announced that it has won a multi-year contract for software engineering services from ThoughtSpot. Headquartered in Sunnyvale, California, ThoughtSpot is a search and Artificial Intelligence-driven analytics platform that helps explore,",neutral,positive,-2.583716106089778,negative,2.3867924528301847,positive
2020-11-12 10:01:03.000,530.0,548.45,523.5,542.65,630362.0,Aarti Industries Q2: long-term thesis of Make in India opportunity intact,Aarti Industries is projecting 15-20 percent earnings CAGR over the medium term,positive,positive,2.3867924528301847,positive,0.9921910886541072,positive
2020-11-13 12:32:00.000,555.0,556.67,548.42,550.0,61358.0,Buy Aarti Industries: target of Rs 1210: Sharekhan,"Sharekhan is bullish on Aarti Industries recommended buy rating on the stock with a target price of Rs 1210 in its research report dated November 11, 2020.",neutral,positive,-0.9009009009009008,negative,1.0810810810810811,positive
2020-11-17 10:55:00.000,555.0,570.5,555.0,561.0,947322.0,Buy Aarti Industries; target of Rs 1285: HDFC Securities,"HDFC Securities is bullish on Aarti Industries has recommended buy rating on the stock with a target price of Rs 1285 in its research report dated November 12, 2020.",neutral,positive,1.0810810810810811,positive,2.141972030447871,positive
2020-11-17 11:23:00.000,555.0,570.5,555.0,561.0,947322.0,Buy Aarti Industries; target of Rs 1235: ICICI Direct,"ICICI Direct is bullish on Aarti Industries recommended buy rating on the stock with a target price of Rs 1235 in its research report dated November 12, 2020.",neutral,positive,1.0810810810810811,positive,2.141972030447871,positive
2020-11-17 17:00:00.000,564.9,577.47,551.92,577.0,694542.0,Buy Aarti Industries; target of Rs 1441: Dolat Capital Market,"Dolat Capital Market is bullish on Aarti Industries has recommended buy rating on the stock with a target price of Rs 1441 in its research report dated November 11, 2020.",neutral,positive,2.141972030447871,positive,-0.0869792119683395,neutral
2020-11-18 13:55:00.000,574.85,577.22,565.72,574.35,901848.0,Accumulate Aarti Industries; target of Rs 1020: Prabhudas Lilladher,"Prabhudas Lilladher recommended accumulate rating on Aarti Industries with a target price of Rs 1020 in its research report dated November 11, 2020.",neutral,positive,-0.0869792119683395,neutral,-2.839473913422168,negative
2020-11-18 14:12:00.000,574.85,577.22,565.72,574.35,901848.0,Accumulate Aarti Industries; target of Rs 1232: Geojit,"Geojit recommended accumulate rating on Aarti Industries with a target price of Rs 1232 in its research report dated November 12 , 2020.",neutral,positive,-0.0869792119683395,neutral,-2.839473913422168,negative
2020-11-19 05:30:00.000,574.85,577.22,565.72,574.35,901848.0,BRIEF-Schemes Of HDFC Mutual Fund Cut Stake In Aarti Industries By 2% - Investing.com India,"The Financial News section features stock market news in addition to stories about bonds, forex, commodities and economic releases.",neutral,neutral,-0.0869792119683395,neutral,-2.839473913422168,negative
2020-11-20 07:22:00.000,574.05,574.15,555.0,557.75,705230.0,"Stocks in the news | Reliance Industries, Tata Chemicals, Route Mobile, RPP Infra Projects, Vikas Multicorp","Gland Pharma, Mphasis, Shree Rama Newsprint, Modison Metals, Max Financial Services, Aarti Industries, UPL, Pricol, Mcdowell Holdings, Kanchi Karpooram, Autoline Industries, Himadri Speciality Chemicals, HSIL, Mahindra Holidays & Resorts, Vikas EcoTech, Syngene International, are also among the …",neutral,neutral,-2.839473913422168,negative,0.6881468046516599,neutral
2020-11-20 11:17:00.000,574.05,574.15,555.0,557.75,705230.0,Aarti Industries shares decline 3% as HDFC AMC reduces stake in company,HDFC AMC sold shares of the chemical company via open market transactions.,negative,neutral,-2.839473913422168,negative,0.6881468046516599,neutral
2020-11-20 15:18:00.000,574.05,574.15,555.0,557.75,705230.0,Aarti Industries shares fall over 3% after HDFC AMC cuts stake,"Aarti Industries shares fell over 3% today after HDFC AMC reduced its stake in the pharma company by 2%. The large cap stock touched an intraday low of Rs 1110.1, down 3.21% on BSE. The stock lost 3.05% in the last 2 days. The share has gained 31.63% duri",negative,negative,-2.839473913422168,negative,0.6881468046516599,neutral
2020-11-22 07:47:00.000,562.38,572.5,558.22,566.25,386206.0,DAILY VOICE: Eye on vaccine! Build your portfolio on these 5 themes for 2021: Neeraj Chadawar,"Our picks for SAMVAT 2077 are ICICI Bank, Canfin Homes, SBI, Bharti Airtel, Tech Mahindra, SIS, Eicher Motors, Dalmia Bharat, Varun Beverages, Dhanuka Agritech, and Aarti Industries",neutral,neutral,0.6881468046516599,neutral,0.6995096402270802,neutral
2020-11-25 13:47:00.000,557.5,562.5,546.03,561.0,328404.0,"Small & midcaps portfolio: Edelweiss Securities names ‘Winners’, ‘Warriors’ and ‘Value’ stocks","Stocks in the Winner segment include names like PI Industries, Aarti Industries, Exide Industries, SRF, TeamLease Services, and Gulf Oil, etc. among others.",neutral,neutral,0.6278026905829596,neutral,4.626462646264635,positive
2020-12-18 08:33:41.000,617.5,636.47,602.55,605.0,1799304.0,"Aarti Industries, Dr Lal Path Labs, HDFC AMC To Be Included In NSE F&O From January","With the addition of these three stocks, 140 stocks will be available for trading in F&O segment from January series.",neutral,neutral,-2.0242914979757085,negative,-3.480545066491552,negative
2020-12-18 09:42:00.000,617.5,636.47,602.55,605.0,1799304.0,"Aarti Industries, Dr Lal Path Labs, HDFC AMC Rise 2-4% On Inclusion In F&O","Aarti Industries, Dr Lal Path Labs and HDFC Asset Management Company had a market capitalisation of Rs 21,253.99 crore, Rs 17,971.66 crore and Rs 60,410.85 crore respectively.",neutral,neutral,-2.0242914979757085,negative,-3.480545066491552,negative
2020-12-18 10:17:00.000,617.5,636.47,602.55,605.0,1799304.0,"Aarti Inds, Dr. Lal Path Labs, HDFC AMC firm up on F&O entry","The National Stock Exchange (NSE) on Thursday (17 December) announced inclusion of Aarti Industries, Dr. Lal Path Labs and HDFC Asset Management Company in the Futures & Options (F&O) segment with effect from 1 January 2021.",neutral,neutral,-2.0242914979757085,negative,-3.480545066491552,negative
2020-12-18 17:33:00.000,617.5,636.47,602.55,605.0,1799304.0,"Aarti Industries, HDFC AMC and Dr Lal Path stocks gain on approval to trade on F&O segment","The F&O contracts on the securties of the aforementioned companies would be available for trading w.e.f . January 1, 2021.",positive,neutral,-2.0242914979757085,negative,-3.480545066491552,negative
2021-01-28 07:40:00.000,564.5,579.45,560.08,570.5,808024.0,"Stocks in the news: Axis Bank, Maruti Suzuki, IRCTC, Lupin, HUL and IndiGo","Laurus Labs, Aarti Industries, AU SFB and Shriram Transport are among companies which will announce their December quarter results on Thursday.",neutral,neutral,1.0628875110717448,positive,-1.276595744680851,negative
2021-01-28 11:09:00.000,564.5,579.45,560.08,570.5,808024.0,Aarti Industries Q3 PAT up 18.55% at Rs169.18cr on lower finance costs,Aarti Industries reported 9.52% growth in total revenues for the Dec-20 quarter on consolidated basis at Rs1186.78cr,positive,positive,1.0628875110717448,positive,-1.276595744680851,negative
2021-01-29 08:04:00.000,587.5,596.88,568.22,580.0,1945192.0,Aarti Industries consolidated net profit rises 18.19% in the December 2020 quarter,Sales rise 9.52% to Rs 1186.78 crore,positive,positive,-1.276595744680851,negative,0.4106138504537447,neutral
2021-01-29 08:56:46.000,587.5,596.88,568.22,580.0,1945192.0,"Nifty may open with 180 points gain, but economic indicators will sway direction later","Aarti Industries, Sundaram Finance, Adani Ports among scrips likely to see action today",positive,neutral,-1.276595744680851,negative,0.4106138504537447,neutral
2021-01-29 10:55:00.000,587.5,596.88,568.22,580.0,1945192.0,Aarti Ind gains after Q3 PAT rises 18.5% to Rs 169 cr,"Aarti Industries rose 1.11% to Rs 1,153.50 after the company’s consolidated net profit jumped 18.5% to Rs 169.18 crore on 9.5% rise in net sales to Rs 1,186.78 crore in Q3 December 2020 over Q3 December 2019.",positive,positive,-1.276595744680851,negative,0.4106138504537447,neutral
2021-01-31 17:17:53.000,579.62,599.47,571.65,582.0,1084648.0,Aarti Industries Q3 Review - Encouraging Demand Trend To Drive Growth: Prabhudas Lilladher,Aarti Industries Q3 Review - Encouraging Demand Trend To Drive Growth: Prabhudas Lilladher,neutral,neutral,0.4106138504537447,neutral,0.4084758743936841,neutral
2021-02-02 12:39:12.000,592.5,603.47,587.6,597.47,1402506.0,Buy Aarti Industries; Target Of Rs 1400: HDFC Securities,"HDFC Securities is bullish on Aarti Industries has recommended buy rating on the stock with a target price of Rs 1400 in its research report dated January 30, 2021.",neutral,positive,0.8388185654008485,neutral,-0.0891505466778759,neutral
2021-02-04 17:24:49.000,596.0,599.0,587.55,596.0,366910.0,Buy Aarti Industries; Target Of Rs 1340: ICICI Direct,"ICICI Direct is bullish on Aarti Industries has recommended buy rating on the stock with a target price of Rs 1340 in its research report dated January 31, 2021.",neutral,positive,0.0,neutral,-0.1008827238335473,neutral
2021-02-05 20:57:15.000,596.0,599.0,587.55,596.0,366910.0,Buy Aarti Industries; Target Of Rs 1314: Prabhudas Lilladher,"Prabhudas Lilladher is bullish on Aarti Industries has recommended buy rating on the stock with a target price of Rs 1314 in its research report dated January 29, 2021.",neutral,positive,0.0,neutral,-0.1008827238335473,neutral
2021-02-08 15:48:49.000,598.65,622.5,536.28,615.55,1487200.0,Buy Aarti Industries; Target Of Rs 1335: Sharekhan,"Sharekhan is bullish on Aarti Industries has recommended buy rating on the stock with a target price of Rs 1335 in its research report dated January 29, 2021.",neutral,positive,2.823018458197608,positive,-2.989283699943591,negative
2021-02-09 23:48:21.000,620.55,620.55,600.0,602.0,427426.0,Buy Aarti Industries; Target Of Rs 1547: Dolat Capital Market,"Dolat Capital Market is bullish on Aarti Industries has recommended buy rating on the stock with a target price of Rs 1547 in its research report dated January 29, 2021.",neutral,positive,-2.989283699943591,negative,-0.1938947996420336,neutral
2021-02-15 07:05:00.000,610.03,617.5,604.92,607.5,522512.0,"Lower input costs, capex to boost specialty chemical stocks","Aarti Industries, Alkyl Amines, Balaji Amines, Navin Fluorine, Galaxy Surfactants, Sudarshan Chemical, NOCIL and Deepak Nitrite are among the top picks.",neutral,neutral,-0.4147337016212273,neutral,0.577769775930074,neutral
2021-02-25 10:47:46.000,619.0,621.5,610.22,616.03,394110.0,Aarti Industries: Conviction Backed By Heavy Capex,"Capex projects for Aarti Industries are on track and are backed by a budget of about Rs 1,000-1,200 crore per annum for the next 4-5 years",neutral,neutral,-0.4798061389337685,neutral,0.6514657980456027,neutral
2021-03-03 07:32:45.000,652.5,655.2,647.55,650.0,565638.0,"Hot Stocks | L&T Technology Services, Nippon Life India Asset Management, Aarti Industries Can Give Up To 13% Return In Short Term","Traders should remain stock-specific with bias likely to remain in favour of bulls as long as Nifty holds above 14,700 level.",neutral,positive,-0.3831417624521072,neutral,0.3891050583657587,neutral
2021-03-24 07:08:40.000,644.75,699.7,644.0,662.45,6190358.0,"Hot Stocks | Aarti Industries, Pidilite, Dabur India Can Give Up To 13% Return In Short Term","Nifty expected to trade within a broader range of 14,600-15,000 ahead of the March series expiry",neutral,neutral,2.7452500969368043,positive,-1.345864661654142,negative
2021-03-24 09:29:00.000,644.75,699.7,644.0,662.45,6190358.0,"Buy Aarti Industries, target price Rs 1375: Edelweiss","Aarti Industries Ltd., incorporated in the year 1984, is a Mid Cap company (having a market cap of Rs 22755.02 Crore) operating in Pharmaceuticals sector.",neutral,neutral,2.7452500969368043,positive,-1.345864661654142,negative
2021-03-24 13:08:00.000,665.0,680.0,643.0,656.05,2247822.0,Aarti Industries at record high; rises 11% in four days,"Aarti Industries jumped 6.62% to Rs 1372, extending its winning run to fourth consecutive trading session.",positive,positive,-1.345864661654142,negative,0.3973928619812422,neutral
2021-03-24 13:31:00.000,665.0,680.0,643.0,656.05,2247822.0,Aarti Industries hits all-time high; stock rallies 13% in four days,"Analysts at Geojit Financial Services expect the company’s specialty chemical margins to improve going ahead, led by better improved off-take from its discretionary portfolio",positive,positive,-1.345864661654142,negative,0.3973928619812422,neutral
2021-03-24 15:04:05.000,665.0,680.0,643.0,656.05,2247822.0,Volumes jump at Aarti Industries Ltd counter,"Aarti Industries Ltd saw volume of 24.12 lakh shares by 14:19 IST on NSE, a 12.12 fold spurt over two-week average daily volume of 1.99 lakh shares",neutral,positive,-1.345864661654142,negative,0.3973928619812422,neutral
2021-03-26 05:25:43.000,664.33,670.0,647.53,666.97,718534.0,Specialty chemicals firms set for a robust show in Q4,Rising demand for hygiene-based items has benefitted firms like Galaxy Surfactants & Aarti Industries,neutral,positive,0.3973928619812422,neutral,-0.4444444444444444,neutral
2021-04-12 19:47:46.000,675.67,695.0,675.67,683.95,394722.0,Aarti Industries Q4 PAT Seen Up 26.4% YoY To Rs. 160 Cr: Sharekhan,"Net Sales are expected to increase by 12.5 percent Y-o-Y (up 2 percent Q-o-Q) to Rs. 1,210 crore, according to Sharekhan.",neutral,positive,1.2254502937824807,positive,-0.9782608695652176,negative
2021-04-29 12:05:03.000,765.25,822.38,765.25,800.75,1942844.0,Aarti Industries wins award for its sustainability practices,Powered by Capital Market - Live News,positive,neutral,4.639006860503104,positive,2.793750000000003,positive
2021-04-29 17:11:00.000,765.25,822.38,765.25,800.75,1942844.0,Aarti Industries awarded as ‘Gold EcoVadis Medal’ for its sustainability practices,"EcoVadis rating focuses on a wide range of criteria, divided into four topic areas: Environment, Labor & Human rights, Ethics and Sustainable procurement.",neutral,neutral,4.639006860503104,positive,2.793750000000003,positive
2021-05-05 08:50:00.000,875.5,876.0,826.0,861.12,3192882.0,Aarti Industries’ board to consider bonus issue,Aarti Industries announced that a meeting of the board of directors of the company is scheduled on 11 May 2021 to consider and approve issue of bonus shares.,neutral,neutral,-1.642490005711022,negative,3.269629288510244,positive
2021-05-05 10:31:00.000,875.5,876.0,826.0,861.12,3192882.0,"Aarti Industries rallies 7%, hits record high on bonus issue plan","The meeting of the company’s board of directors is scheduled to be held on Tuesday, May 11, 2021 to consider, recommendation of issue of bonus shares",positive,neutral,-1.642490005711022,negative,3.269629288510244,positive
2021-05-05 13:38:00.000,868.6,897.5,854.55,897.0,3272636.0,Aarti Industries stock jumps 7% as firm to consider bonus issue,"The company said that the next meeting of the board of directors of the company is scheduled to be held on Tuesday, May 11, 2021, to consider, approve and take on record audited financial results for the quarter and year ended March 31, 2021",positive,neutral,3.269629288510244,positive,-5.277777777777778,negative
2021-05-07 15:06:20.000,900.0,907.53,840.0,852.5,2777484.0,SRF Ltd leads losers in ‘A’ group,"R Systems International Ltd, Navin Fluorine International Limited, Procter & Gamble Health Ltd and Aarti Industries Ltd are among the other losers in the BSE’s ‘A’ group today, 07 May 2021.",negative,negative,-5.277777777777778,negative,1.5815867301015782,positive
2021-05-11 07:49:00.000,868.47,877.5,853.65,863.47,969326.0,"Stocks in the news: GCPL, Linde India, HFCL, IOB, JMC Projects and IndiGo","Siemens, Aarti Industries, Linde India, KEC International, Firstsource Solution, Granules India and Neuland Labs are among companies that will announce their March quarter results today.",neutral,neutral,-0.57572512579594,neutral,0.4495677233429369,neutral
2021-05-11 08:10:30.000,868.47,877.5,853.65,863.47,969326.0,"Stocks to Watch: PNB, InterGlobe, SBI Card, Coforge, Indian Overseas Bank","Companies that will declare their March quarter earnings include Aarti Industries, Alembic, BASF India, Firstsource Solutions, Granules India, Godrej Consumer Products, KEC International, and Linde India",neutral,neutral,-0.57572512579594,neutral,0.4495677233429369,neutral
2021-05-12 05:30:00.000,867.5,882.5,860.03,871.4,1017488.0,BRIEF-Aarti Industries Says May Consider Fund Raising,BRIEF-Aarti Industries Says May Consider Fund Raising,neutral,neutral,0.4495677233429369,neutral,-2.659840728100113,negative
2021-05-12 17:28:00.000,867.5,882.5,860.03,871.4,1017488.0,Board of Aarti Industries to consider fund raising options,On 18 May 2021,neutral,neutral,0.4495677233429369,neutral,-2.659840728100113,negative
2021-05-18 07:42:00.000,884.67,900.0,866.35,876.5,1969112.0,"Stocks in news: Tata Motors, Bharti Airtel, Federal Bank, Canara Bank, GNFC and NBCC","Aarti Industries, GSK Pharma, Canara Bank, Route Mobile, Jyothy Laboratories, Chalet Hotels, Minda Corp are among companies that will announce their March quarter results today.",neutral,neutral,-0.9235082007980332,negative,-5.819209039548023,negative
2021-05-18 08:02:00.000,884.67,900.0,866.35,876.5,1969112.0,"Market Ahead Podcast, May 18: Top factors that could guide markets today","Tata Motors, Aarti Industries, Chalet Hotels, Canara Bank and Torrent Pharma are among 35 companies slated to post their March quarter results today",neutral,neutral,-0.9235082007980332,negative,-5.819209039548023,negative
2021-05-18 08:05:58.000,884.67,900.0,866.35,876.5,1969112.0,"Stocks to Watch: Tata Motors, Bharti Airtel, HCL Tech, Reliance, Union Bank","Tata Motors, Aarti Industries, Abbott India, Canara Bank, Manappuram Finance, Minda Corp and Torrent Pharmaceuticals are among companies that will report their March quarter earnings today",neutral,neutral,-0.9235082007980332,negative,-5.819209039548023,negative
2021-05-18 10:08:22.000,884.67,900.0,866.35,876.5,1969112.0,"Market LIVE: Sensex tops 50k, up 500 points; Nifty above 15,000; banks soar","Share Market LIVE Updates: Indian benchmark indices opened strong tracking gains in Asian stocks and a drop in covid cases. Tata Motors, Aarti Industries, Canara Bank and Minda Corp are in focus as they announce their results today",positive,positive,-0.9235082007980332,negative,-5.819209039548023,negative
2021-05-19 08:15:00.000,885.0,885.0,820.12,833.5,6151128.0,Aarti Industries consolidated net profit rises 23.33% in the March 2021 quarter,Sales rise 12.38% to Rs 1209.35 crore,positive,positive,-5.819209039548023,negative,0.8303677342823249,neutral
2021-05-19 09:21:00.000,885.0,885.0,820.12,833.5,6151128.0,Aarti Industries Q4 PAT rises 23% YoY; board recommends 1:1 bonus issue,Aarti Industries posted a 23.3% surge in consolidated net profit to Rs 136.10 crore on 12.4% rise in net sales to Rs 1209.35 crore in Q4 FY21 over Q4 FY20.,neutral,positive,-5.819209039548023,negative,0.8303677342823249,neutral
2021-05-19 09:28:00.000,885.0,885.0,820.12,833.5,6151128.0,Board of Aarti Industries approves fund raising up to Rs 1500 cr,At meeting held on 18 May 2021,neutral,neutral,-5.819209039548023,negative,0.8303677342823249,neutral
2021-05-19 09:51:36.000,885.0,885.0,820.12,833.5,6151128.0,Board of Aarti Industries recommends bonus issue of 1:1,At meeting held on 18 May 2021,neutral,neutral,-5.819209039548023,negative,0.8303677342823249,neutral
2021-05-19 15:04:55.000,843.0,869.5,841.78,850.0,3714936.0,P I Industries Ltd leads losers in ‘A’ group,"VRL Logistics Ltd, Aarti Industries Ltd, Tata Motors Ltd and Caplin Point Laboratories Ltd are among the other losers in the BSE’s ‘A’ group today, 19 May 2021.",positive,neutral,0.8303677342823249,neutral,-2.85374415431444,negative
2021-05-20 09:36:17.000,843.0,869.5,841.78,850.0,3714936.0,Aarti Industries Q4 Review - Aggressive Growth Plans Priced In: Prabhudas Lilladher,Aarti Industries Q4 Review - Aggressive Growth Plans Priced In: Prabhudas Lilladher,neutral,neutral,0.8303677342823249,neutral,-2.85374415431444,negative
2021-05-20 10:41:17.000,843.0,869.5,841.78,850.0,3714936.0,Aarti Industries: Planning For A Decade; Accumulate,Aarti Industries’ strong export market and a resilient pharma business should offset the discretionary demand contraction in domestic market in the near term,neutral,positive,0.8303677342823249,neutral,-2.85374415431444,negative
2021-05-20 12:52:00.000,857.47,861.0,830.03,833.0,1509830.0,"Results Review For Astral, Aarti Industries, Brigade Enterprises","Results Review For Astral, Aarti Industries, Brigade Enterprises",neutral,neutral,-2.85374415431444,negative,-0.4931669637551963,neutral
2021-05-20 16:10:26.000,857.47,861.0,830.03,833.0,1509830.0,Aarti Industries - One-Offs Drag Q4; Strong Visibility To Support Growth: ICICI Direct,Aarti Industries - One-Offs Drag Q4; Strong Visibility To Support Growth: ICICI Direct,neutral,neutral,-2.85374415431444,negative,-0.4931669637551963,neutral
2021-05-21 15:46:43.000,857.47,861.0,830.03,833.0,1509830.0,Aarti Industries Q4 Review - Valuation Already Factors In A Rosy Picture: Nirmal Bang,Aarti Industries Q4 Review - Valuation Already Factors In A Rosy Picture: Nirmal Bang,neutral,neutral,-2.85374415431444,negative,-0.4931669637551963,neutral
2021-06-09 08:49:00.000,890.5,925.0,886.1,908.0,4669692.0,"Buy Aarti Industries, target price Rs 1920: Yes Securities","Aarti Industries Ltd., incorporated in the year 1984, is a Mid Cap company (having a market cap of Rs 30868.25 Crore) operating in Pharmaceuticals sector.",neutral,neutral,1.9651880965749575,positive,-0.5130602084850623,neutral
2021-06-24 12:03:00.000,875.0,875.0,845.05,862.1,1388804.0,Aarti Industries allots 17.42 cr equity shares under bonus issue,"Pursuant to the above allotment, the revised paid up equity capital of the company has increased to 34,84,68,948 equity shares of Rs 5 each.",neutral,neutral,-1.4742857142857118,negative,0.4152249134948123,neutral
2021-06-24 20:18:38.000,875.0,875.0,845.05,862.1,1388804.0,Aarti Industries launches QIP issue,With floor price of Rs 899.77 per equity share,neutral,neutral,-1.4742857142857118,negative,0.4152249134948123,neutral
2021-06-25 17:23:00.000,875.0,875.0,845.05,862.1,1388804.0,Aarti Industries QIP issue begins at floor price of Rs899.77 per share,The company board will meet on June 30 to approve the issue price for equity shares to be allotted to the QIBs.,neutral,neutral,-1.4742857142857118,negative,0.4152249134948123,neutral
2021-07-01 15:05:00.000,857.35,883.0,848.5,872.15,1465086.0,Aarti Industries raises Rs1200cr through QIP issue; Stock under pressure,"The current market cap of the company is Rs30,370.81cr.",neutral,neutral,1.726249489706649,positive,-2.1034678794769754,negative
2021-07-11 20:24:52.000,860.3,860.3,849.55,852.2,810010.0,Aarti Industries Q1 PAT Seen Up 59.2% YoY To Rs 129.6 Cr: Prabhudas Lilladher,"Net Sales are expected to increase by 24.7 percent Y-o-Y (down 1.3 percent Q-o-Q) to Rs 1,128.3 crore, according to Prabhudas Lilladher.",neutral,positive,-0.9415320237126478,negative,0.2631271196351303,neutral
2021-07-13 10:41:36.000,855.1,860.0,848.0,857.35,551406.0,Aarti Industries Q1 PAT Seen Up 91.9% YoY To Rs. 157.1 Cr: ICICI Direct,"Net Sales are expected to increase by 33.5 percent Y-o-Y (up 3.5 percent Q-o-Q) to Rs. 1,251.7 crore, according to ICICI Direct.",neutral,positive,0.2631271196351303,neutral,-0.1103432255067129,neutral
2021-08-03 05:02:00.000,954.0,987.0,950.8,975.4,1773523.0,Aarti Industries (₹948.1): Buy,"The stock of Aarti Industries, which declined in January this year after facing a hurdle at ₹680, found support at ₹560 by early February. It started to gain gradually and picked up momentum. As a res",neutral,positive,2.243186582809222,positive,-3.673469387755103,negative
2021-08-10 11:06:00.000,952.0,959.05,912.0,925.0,1311394.0,"Results Review for Shree Cement, Astral, Aarti Industries, Voltas","Results Review for Shree Cement, Astral, Aarti Industries, Voltas",neutral,neutral,-2.8361344537815127,negative,-0.5405405405405406,neutral
2021-08-10 20:42:13.000,925.0,937.3,901.1,920.0,1178956.0,Buy Aarti Industries: Target Of Rs 1155: Sharekhan,"Sharekhan is bullish on Aarti Industries has recommended buy rating on the stock with a target price of Rs 1155 in its research report dated August 09, 2021.",neutral,positive,-0.5405405405405406,neutral,0.3250270855904659,neutral
2021-08-11 16:40:46.000,923.0,936.75,920.35,926.0,565103.0,"Aarti Industries Q1 Review - Strong Show, Margin Positively Surprises: KRChoksey","Aarti Industries Q1 Review - Strong Show, Margin Positively Surprises: KRChoksey",neutral,neutral,0.3250270855904659,neutral,0.9409613936982472,positive
2021-08-11 17:59:30.000,923.0,936.75,920.35,926.0,565103.0,Aarti Industries: Pricing Power On Display,Ability to quickly harness demand in the macro recovery phase and display of pricing power add to our constructive view on the Aarti Industries stock,neutral,positive,0.3250270855904659,neutral,0.9409613936982472,positive
2021-08-17 19:35:29.000,959.95,967.0,952.5,957.5,871653.0,Buy Aarti Industries; Target Of Rs 1085: ICICI Direct,"ICICI Direct is bullish on Aarti Industries has recommended buy rating on the stock with a target price of Rs 1085 in its research report dated August 11, 2021.",neutral,positive,-0.2552216261263654,neutral,-2.722513089005236,negative
2021-08-19 17:15:00.000,955.0,970.0,921.65,929.0,1880493.0,Aarti Industries board okays demerger of pharma unit; shareholders get 1 share for every 4 they own,"“The demerger will enable the Aarti Pharmalabs to expand its presence in the fast moving pharma business in India and abroad.It will result into two dedicated and focused business segments i.e speciality chemical and pharma without any risk or overlap of one business over the other,” said the compan…",neutral,positive,-2.722513089005236,negative,-2.9914529914529915,negative
2021-08-20 12:09:59.000,955.0,970.0,921.65,929.0,1880493.0,Aarti Industries demerger of pharma unit: What it means for investors,Aarti Industries shares were trading more than 3% lower to ₹927.95 per share on the BSE in Friday’s deals,neutral,negative,-2.722513089005236,negative,-2.9914529914529915,negative
2021-08-23 10:11:04.000,936.0,942.3,893.95,908.0,1155519.0,Aarti Industries - Demerger To Marginally Impact Valuations: Systematix,Aarti Industries - Demerger To Marginally Impact Valuations: Systematix,neutral,neutral,-2.9914529914529915,negative,1.0410958904109588,positive
2021-08-23 12:49:23.000,912.5,924.75,905.0,922.0,653694.0,Buy Aarti Industries; Target Of Rs 1085: ICICI Direct,"ICICI Direct is bullish on Aarti Industries recommended buy rating on the stock with a target price of Rs 1085 in its research report dated August 23, 2021.",neutral,positive,1.0410958904109588,positive,-0.5417118093174431,neutral
2021-08-23 16:29:00.000,912.5,924.75,905.0,922.0,653694.0,Aarti Industries MD explains why it makes sense to hive off pharma as separate business now,“We see a significant opportunity in pharma as well as specialty chemicals going forward and that is why it has been decided to have a separate company so that there can be a separate focus and strategic direction for both the segments.”,neutral,positive,1.0410958904109588,positive,-0.5417118093174431,neutral
2021-09-20 21:32:59.000,897.0,908.0,880.5,907.45,770758.0,Broker’s call: Aarti Industries (Buy),"Reliance SecuritiesAarti Industries (Buy)Target: ₹1,232CMP: ₹900.85The management expects earnings from specialty chemical business to clock nearly 25-35 per cent CAGR FY21-FY24, driven by higher dema",neutral,positive,1.1649944258639962,positive,0.8755506607929566,neutral
2021-09-28 08:59:40.000,941.0,948.5,924.1,932.0,1103379.0,Kotak’s top stock picks in specialty chemicals sector,"Kotak’s top stock picks include specialty chemicals makers Aarti Industries, Vinati Organics, PI Industries and SRF",neutral,neutral,-0.9564293304994688,negative,1.0908305432552137,positive
2021-09-29 07:56:00.000,925.9,942.0,916.35,936.0,978835.0,"Aarti Inds, Bajaj Auto, Sun Pharma: Top stock picks by Ajit Mishra","While Aarti Industries and Sun Pharma have been consolidating in a range and awaiting a breakout, Bajaj Auto seems to have given a breakout, says the technical analyst from Religare Broking",neutral,neutral,1.0908305432552137,positive,-1.3486248274397414,negative
2021-09-30 08:00:27.000,941.7,947.4,927.85,929.0,712477.0,Reduce Aarti Industries; Target Of Rs 765: CD Equisearch,"CD Equisearch recommended reduce rating on Aarti Industries with a target price of Rs 765 in its research report dated July 28, 2021.",neutral,negative,-1.3486248274397414,negative,1.7297297297297298,positive
2021-10-05 15:50:15.000,1066.0,1083.0,1053.0,1060.0,1744504.0,Aarti Industries Annual Analysis - Strong Growth Outlook Backed By Aggressive Expansion Plan: Axis Securities,Aarti Industries Annual Analysis - Strong Growth Outlook Backed By Aggressive Expansion Plan: Axis Securities,neutral,neutral,-0.5628517823639775,neutral,1.1293875064435963,positive
2021-10-19 11:51:44.000,1166.0,1168.0,1093.25,1111.0,1032056.0,Aarti Industries Q2 PAT Seen Up 25.4% YoY To Rs 178.7 Cr: ICICI Direct,"Net Sales are expected to increase by 22.8 percent Y-o-Y (up 9.4 percent Q-o-Q) to Rs 1,440.2 crore, according to ICICI Direct.",neutral,positive,-4.716981132075472,negative,-7.678450799369512,negative
2021-10-20 15:04:07.000,1033.9,1053.0,1005.0,1027.8,1535858.0,Indian Railway Catering & Tourism Corporation Ltd leads losers in ‘A’ group,"Mastek Ltd, Deepak Nitrite Ltd, Aarti Industries Ltd and Dixon Technologies (India) Ltd are among the other losers in the BSE’s ‘A’ group today, 20 October 2021.",positive,negative,-0.589999032788484,neutral,-1.5804878048780533,negative
2021-11-01 08:14:00.000,970.0,992.75,960.3,988.7,548867.0,Aarti Industries consolidated net profit rises 25.58% in the September 2021 quarter,Sales rise 32.32% to Rs 1551.58 crore,positive,positive,1.927835051546396,positive,-2.226184411614877,negative
2021-11-01 10:14:00.000,970.0,992.75,960.3,988.7,548867.0,Aarti Industries Q2 PAT rises 25% YoY to Rs 176 cr,"Aarti Industries posted a 25.6% increase in consolidated net profit to Rs 176.11 crore on a 32.3% rise in net sales to Rs 1,551.58 crore in Q2 FY22 over Q2 FY21.",positive,positive,1.927835051546396,positive,-2.226184411614877,negative
2021-11-03 16:28:41.000,955.0,960.9,951.15,958.85,156646.0,Aarti Industries Q2 Review - Mixed Bag; Long-Term Story Intact: KRChoksey,Aarti Industries Q2 Review - Mixed Bag; Long-Term Story Intact: KRChoksey,neutral,neutral,0.4031413612565469,neutral,-0.4166666666666667,neutral
2021-11-10 15:31:10.000,960.0,961.45,923.3,942.6,1147867.0,Aarti Industries update on proposed scheme of amalgamation,Powered by Capital Market - Live News,neutral,neutral,-1.8124999999999976,negative,-0.3789074834228,neutral
2021-11-16 08:14:00.000,969.0,979.9,956.15,961.0,1104766.0,"Here’s why Osho Krishan expects Aarti Industries, Dabur to gain","According to the technical analyst from Anand Rathi, Dabur has seen some strong resurgence from its 200-DEMA in the recent period",positive,positive,-0.8255933952528379,neutral,2.711000104069109,positive
2021-11-21 06:27:22.000,969.0,969.0,900.0,911.7,1911515.0,₹1.51 to ₹972: Multibagger stock turns ₹1 lakh to ₹6.5 crore in 20 years,"Multibagger stock: If an investor had invested ₹1 lakh in Aarti Industries shares 5 years ago, its ₹1 lakh would have turned to ₹5.35 lakh today",neutral,neutral,-5.913312693498448,negative,2.4711062190423827,positive
2021-12-03 05:30:00.000,973.0,983.0,955.55,958.75,759122.0,"Stocks in Focus on Dec 3: Canara Bank, Aarti Industries, ABB India & More","Stocks in Focus on Dec 3: Canara Bank, Aarti Industries, ABB India & More",neutral,neutral,-1.4645426515930111,negative,0.0939457202505195,neutral
2021-12-03 10:02:00.000,973.0,983.0,955.55,958.75,759122.0,HDFC MF sells minor stake of Aarti Industries,"HDFC Mutual Fund (MF) sold 1,74,221 equity shares or 0.05% stake of Aarti Industries on 30 November 2021.",neutral,neutral,-1.4645426515930111,negative,0.0939457202505195,neutral
2021-12-03 12:55:00.000,973.0,983.0,955.55,958.75,759122.0,"Top stocks in focus: Prataap Snacks, Aarti Industries, Punjab Alkalies & Chemicals, Rushil Décor, Tantia Constructions",Check out the stocks that will be in focus during trade today based on recent and latest news developments.,neutral,neutral,-1.4645426515930111,negative,0.0939457202505195,neutral
2021-12-07 11:15:00.000,959.0,978.0,945.0,959.0,1305878.0,"Buy Aarti Industries, target price Rs 1080: Axis Securities","Aarti Industries Ltd., incorporated in the year 1984, is a Mid Cap company (having a market cap of Rs 34767.76 Crore) operating in Pharmaceuticals sector.",neutral,neutral,0.0,neutral,2.416163299312636,positive
2021-12-10 11:01:00.000,978.55,981.75,967.0,974.9,213916.0,"Buy Aarti Industries, target price Rs 1120: ICICI Direct","Aarti Industries Ltd., incorporated in the year 1984, is a Mid Cap company (having a market cap of Rs 35307.89 Crore) operating in Pharmaceuticals sector.",neutral,neutral,-0.3730008686321575,neutral,2.788804071246817,positive
2021-12-13 13:32:47.000,1008.0,1014.8,985.15,987.0,692279.0,Buy Aarti Industries: Target Of Rs 1155: Sharekhan,"Sharekhan is bullish on Aarti Industries has recommended buy rating on the stock with a target price of Rs 1155 in its research report dated December 10, 2021.",neutral,positive,-2.083333333333333,negative,-0.1006036217303823,neutral
2021-12-15 09:45:00.000,994.0,1007.0,986.85,993.0,655424.0,"Buy Aarti Industries, target price Rs 1079: HDFC Securities","Aarti Industries Ltd., incorporated in the year 1984, is a Mid Cap company (having a market cap of Rs 36284.84 Crore) operating in Pharmaceuticals sector.",neutral,neutral,-0.1006036217303823,neutral,-1.341811445451357,negative
2022-01-03 09:24:00.000,1005.95,1025.0,1000.65,1016.5,711976.0,"Buy Aarti Industries, target price Rs 1050: Chandan Taparia","Aarti Industries Ltd., incorporated in the year 1984, is a Mid Cap company (having a market cap of Rs 36417.16 Crore) operating in Pharmaceuticals sector",neutral,neutral,1.048759878721602,positive,-2.998925466445252,negative
2022-01-10 08:46:00.000,1034.8,1088.3,1027.05,1083.5,2003761.0,"Buy Aarti Industries, target price Rs 1080: Chandan Taparia","Aarti Industries Ltd., incorporated in the year 1984, is a Mid Cap company (having a market cap of Rs 37372.35 Crore) operating in Pharmaceuticals sector.",neutral,neutral,4.706223424816394,positive,1.574074074074074,positive
2022-01-11 05:00:00.000,1080.0,1107.8,1070.3,1097.0,1483022.0,"Aarti Industries (₹1,084.5): Buy","The outlook for Aarti Industires is bullish. The stock has surged over 5 per cent on Monday breaking above a key resistance level of ₹1,040 and has closed on a strong note. This level of ₹1,040 will n",neutral,positive,1.574074074074074,positive,0.1818181818181818,neutral
2022-01-13 10:31:16.000,1106.0,1115.0,1095.0,1105.3,514041.0,Aarti Industries Q3 PAT Seen Up 10% YoY To Rs. 181.7 Cr: ICICI Direct,"Net Sales are expected to increase by 32.1 percent Y-o-Y (up 1 percent Q-o-Q) to Rs. 1,567.6 crore, according to ICICI Direct.",neutral,positive,-0.0632911392405104,neutral,0.045662100456621,neutral
2022-01-17 11:55:29.000,1093.3,1118.0,1092.95,1107.0,431662.0,Aarti Industries Q3 PAT Seen Up 10% YoY To Rs. 181.7 Cr: ICICI Direct,"Net Sales are expected to increase by 32.1 percent Y-o-Y (up 1 percent Q-o-Q) to Rs. 1,567.6 crore, according to ICICI Direct.",neutral,positive,1.2530869843592836,positive,-2.974060822898032,negative
2022-01-17 18:07:44.000,1118.0,1118.0,1079.4,1084.75,560259.0,Aarti Industries Q3 PAT Seen Up 9.4% YoY To Rs 185 Cr: Sharekhan,"Net Sales are expected to increase by 53.5 percent Y-o-Y (up 17.4 percent Q-o-Q) to Rs 1,822 crore, according to Sharekhan.",neutral,positive,-2.974060822898032,negative,-0.9649122807017586,negative
2022-02-07 08:29:00.000,1038.0,1038.0,978.05,997.5,2222575.0,Aarti Industries consolidated net profit rises 367.41% in the December 2021 quarter,Sales rise 100.20% to Rs 2375.98 crore,positive,positive,-3.901734104046243,negative,-2.5572139303482637,negative
2022-02-07 08:30:00.000,1038.0,1038.0,978.05,997.5,2222575.0,Aarti Industries standalone net profit rises 372.87% in the December 2021 quarter,Sales rise 104.08% to Rs 2331.87 crore,positive,positive,-3.901734104046243,negative,-2.5572139303482637,negative
2022-02-08 11:17:00.000,1005.0,1013.75,960.4,979.3,908199.0,"Buy Aarti Industries, target price Rs 1380: HDFC Securities","Aarti Industries Ltd., incorporated in the year 1984, is a Mid Cap company (having a market cap of Rs 36244.97 Crore) operating in Pharmaceuticals sector.",neutral,neutral,-2.5572139303482637,negative,2.873096446700503,positive
2022-02-08 11:44:00.000,1005.0,1013.75,960.4,979.3,908199.0,"Results Review for Astral, Aarti Industries , Aditya Birla Capital, Radico Khaitan","Results Review for Astral, Aarti Industries , Aditya Birla Capital, Radico Khaitan",neutral,neutral,-2.5572139303482637,negative,2.873096446700503,positive
2022-02-11 20:20:08.000,1010.0,1013.4,985.0,988.0,538392.0,Buy Aarti Industries; target of Rs 1175: ICICI Direct,"ICICI Direct is bullish on Aarti Industries has recommended buy rating on the stock with a target price of Rs 1175 in its research report dated February 08, 2021.",neutral,positive,-2.178217821782178,negative,2.526315789473684,positive
2022-03-10 21:53:53.000,824.85,848.0,818.0,845.0,949281.0,Buy Aarti Industries; target of Rs 1038: Geojit,"Geojit is bullish on Aarti Industries recommended buy rating on the stock with a target price of Rs 1038 in its research report dated March 10, 2022.",neutral,positive,2.442868400315206,positive,2.9403064544755395,positive
2022-03-11 16:33:00.000,824.85,848.0,818.0,845.0,949281.0,Aarti Industries’ sales to Europe not affected at all: MD,“We have successfully commissioned key projects for the second long-term supply contract in this quarter and the pharma API intermediary expansion will be commissioned by March. All these will increase revenue going forward in the next year. We had earlier guided that we are planning to introduce ab…,neutral,positive,2.442868400315206,positive,2.9403064544755395,positive
2022-03-21 07:52:57.000,892.0,935.0,888.0,913.7,2009849.0,"Stock Pick For Monday, March 21, 2022 | Investing.com India","Shares Analysis by Equity Pandit (Abhishek Parakh) covering: Nifty 50, Nifty Bank, Aarti Industries Ltd, Linde India Ltd. Read Equity Pandit (Abhishek Parakh)’s latest article on Investing.com India.",neutral,neutral,2.432735426008973,positive,-0.1918859649122807,neutral
2022-04-11 13:26:09.000,959.95,964.5,940.0,956.85,405197.0,These 2 chemical stocks get ‘Buy’ rating from Prabhudas Lilladher,"The brokerage has Buy rating on chemical stocks Fine Organics & NOCIL, and Hold tag on Aarti Industries shares",neutral,neutral,-0.3229334861190711,neutral,-0.5995828988529718,neutral
2022-04-26 17:30:00.000,890.0,893.65,869.3,877.0,784473.0,"Stocks in news: Mindtree, Bank of India, Eveready Industries, Tech Mahindra and more","Stocks in news: Aarti Industries, Avantel, Bank of India, Eveready Industries, Religare Enterprises, Lemon Tree Hotels, Tech Mahindra, Borosil Renewables, Mindtree and more",neutral,neutral,-1.4606741573033708,negative,0.2886411228705591,neutral
2022-05-27 07:40:29.000,760.0,774.45,754.85,766.0,511291.0,"Stocks to Watch: BPCL, Hindalco, Piramal Enterprises, Tata Power, Nykaa","Aarti Industries, Atul Auto, BEML, Gail India, General Insurance, Glenmark Pharma, Godrej Industries, JSW Steel, Jindal Steel, Lemon Tree, PB Fintech, Oil India, Jubilant Industries, Nykaa, and Ruchi Soya are some of the companies that will announce their earnings today",neutral,neutral,0.7894736842105263,neutral,5.461038961038955,positive
2022-05-31 11:32:51.000,795.0,798.05,758.0,759.0,2092150.0,Aarti Industries slumps nearly 4% on weak FY23 growth guidance,"While year-on-year growth in the company’s financial were strong, analysts pointed to slowdown on a sequential basis",negative,negative,-4.528301886792453,negative,-1.4586070959264157,negative
2022-05-31 14:02:53.000,761.0,769.0,742.0,749.9,984011.0,Aarti Industries Q4 Review - Stellar Performance Continues: KRChoksey,Aarti Industries Q4 Review - Stellar Performance Continues: KRChoksey,neutral,neutral,-1.4586070959264157,negative,-1.0013351134846462,negative
2022-06-01 14:25:50.000,749.0,751.2,738.0,741.5,1114995.0,Aarti Industries: Multi-year contract opportunity intact,The third multi-year contract and the NCB (Nitro Chloro Benzene) capacity expansion project for Aarti Industries are expected to get completed in FY23,positive,positive,-1.0013351134846462,negative,-3.935015646847336,negative
2022-06-01 21:43:44.000,749.0,751.2,738.0,741.5,1114995.0,Trade setup for today: Top 15 things to know before the opening bell,"Based on the open interest future percentage, a short build-up was seen in 70 stocks including Bajaj Auto, Delta Corp, Aarti Industries, Oberoi Realty, and Gujarat State Petronet.",neutral,positive,-1.0013351134846462,negative,-3.935015646847336,negative
2022-06-02 19:58:18.000,750.95,754.05,719.0,721.4,1912388.0,Broker’s Call: Aarti Industries (Buy),Anand Rathi,neutral,neutral,-3.935015646847336,negative,-0.6934812760055479,neutral
2022-06-06 12:07:06.000,714.0,716.5,702.0,704.9,1132505.0,Accumulate Aarti Industries; target of Rs 880: Prabhudas Lilladher,"Prabhudas Lilladher recommended accumulate rating on Aarti Industries with a target price of Rs 880 in its research report dated June 03, 2022.",neutral,positive,-1.2745098039215716,negative,-1.4124293785310735,negative
2022-06-07 11:12:03.000,714.0,716.5,702.0,704.9,1132505.0,Multibagger stock: Aarti Industries share hits 52-week low. Right time to buy?,"Multibagger stock: On technical setup, Aarti Industries is in a downtrend for short term and is trading near its support of 700 levels, say experts",neutral,negative,-1.2745098039215716,negative,-1.4124293785310735,negative
2022-07-26 22:18:07.000,747.0,758.75,740.5,754.0,368170.0,Trade setup for today: Top 15 things to know before the opening bell,"Based on the open interest future percentage, a long unwinding was witnessed in 101 stocks including Nifty Financial, Max Financial Services, Mahanagar Gas, Aarti Industries, and Coromandel International",neutral,positive,0.9370816599732262,positive,0.2957607624055208,neutral
2022-08-18 18:54:42.000,833.5,839.7,812.3,813.9,488841.0,Accumulate Aarti Industries; target of Rs 880: Prabhudas Lilladher,"Prabhudas Lilladher recommended accumulate rating on Aarti Industriess with a target price of Rs 880 in its research report dated August 16, 2022.",neutral,positive,-2.3515296940611905,negative,-2.940813810110977,negative
2022-08-23 13:58:10.000,794.8,795.9,778.0,788.9,495317.0,₹1 to ₹791: Multibagger stock turns ₹1 lakh to ₹7.32 Cr in 23 years,"Having a market valuation of ₹28,688.57 crore, Aarti Industries Ltd. is a large-cap company that operates in the chemical industry.",neutral,neutral,-0.7423251132360315,neutral,0.2781992918563538,neutral
2022-08-24 15:15:00.000,790.8,799.0,789.0,793.0,385847.0,Capex cycle a multi-year theme? Keep an eye on these 13 stocks,"The domestic brokerage listed 13 stocks to play the multi-year theme. Financials - ICICI Bank and Axis Bank, capital goods/infra - L&T, Siemens, Cummins, and GR Infra and capacity expansion-led volume growth - UltraTech, Dalmia Bharat, Navin Fluorine, Aarti Industries, NTPC, Phoenix Mills, and Havel…",neutral,neutral,0.2781992918563538,neutral,1.797159733567922,positive
2022-09-05 12:01:11.000,849.7,855.85,837.05,847.0,520603.0,Balaji Amines: Value unlocking opportunity on the cards,"In the domestic market, growth visibility for the subsidiary comes from capacity expansion plans of the company’s key clients – Indofil, UPL and Aarti industries",positive,neutral,-0.3177592091326404,neutral,0.6222222222222222,neutral
2022-09-07 10:56:48.000,843.75,850.0,840.0,849.0,246221.0,Aarti Industries: Capex cycle likely to act as a tonic,Near-term challenge impacting the company’s performance is the shortage of key raw material nitric acid. This can be troubling for the next 6-12 months till the time new domestic capacities come on stream.,neutral,negative,0.6222222222222222,neutral,0.176056338028169,neutral
2022-09-28 11:57:33.000,800.0,801.45,778.05,781.0,1021582.0,"Specialty chemicals story strong: Anand Rathi, suggests these stocks to buy/hold","The brokerage has Buy ratings on specialty chemical stocks Aarti Industries, Atul and Sudarshan Chemicals",positive,neutral,-2.375,negative,-5.717948717948721,negative
2022-09-29 15:16:52.000,733.85,749.7,725.05,745.2,1390739.0,Aarti Industries Ltd leads losers in ‘A’ group,"Asian Paints Ltd, JSW Holdings Ltd, Intellect Design Arena Ltd and Dr Lal Pathlabs Ltd are among the other losers in the BSE’s ‘A’ group today, 29 September 2022.",negative,negative,1.5466375962390164,positive,-0.6711409395973155,neutral
2022-09-30 16:03:58.000,733.85,749.7,725.05,745.2,1390739.0,Reduce Aarti Industries; target of Rs 612: CD Equisearch,"CD Equisearch recommended reduce rating on Aarti Industries with a target price of Rs 612 in its research report dated September 30, 2022.",neutral,negative,1.5466375962390164,positive,-0.6711409395973155,neutral
2022-10-04 17:30:00.000,747.85,775.0,745.1,773.5,904019.0,"Up to 5,800% return in 5 years! B&K Securities bullish on 5 stocks from multibagger theme","B&K Securities is bullish on select stocks from the chemical space, which has already produced over 50 wealth creators in the past five years. The brokerage has a ‘Buy’ call on players such as SRF, BASF India, Gujarat Fluorochemicals, Aarti Industries and Atul Ltd. Historical data showed that Jyoti …",positive,positive,3.429832185598713,positive,1.0566762728146013,positive
2022-10-11 11:34:55.000,768.0,770.8,758.9,762.9,627148.0,Aarti Industries Q2 PAT seen up 15.7% YoY to Rs. 203.8 cr: Prabhudas Lilladher,"Net Sales are expected to increase by 19.8 percent Y-o-Y (down 5.7 percent Q-o-Q) to Rs. 1,859 crore, according to Prabhudas Lilladher.",positive,positive,-0.6640625000000029,neutral,0.5597865000325547,neutral
2022-10-13 16:37:33.000,787.0,792.0,778.8,778.95,601768.0,Aarti Industries Q2 PAT seen up 19.7% YoY to Rs 210.7 cr: KR Choksey,"Net Sales are expected to increase by 30 percent Y-o-Y (up 2.3 percent Q-o-Q) to Rs 2,017.1 crore, according to KR Choksey.",positive,positive,-1.0228716645489142,negative,1.3753213367609314,positive
2022-10-18 15:04:07.000,650.1,710.0,642.3,683.7,4049186.0,PSP Projects Ltd leads losers in ‘A’ group,"Samvardhana Motherson International Ltd, Tata Elxsi Ltd, Aarti Industries Ltd and Maharashtra Seamless Ltd are among the other losers in the BSE’s ‘A’ group today, 18 October 2022.",negative,negative,5.168435625288421,positive,0.4385964912280701,neutral
2022-10-19 14:39:22.000,684.0,700.0,681.25,687.0,1578744.0,Aarti Industries trades ex-pharma business; stock hits 52-week low,Shareholders will get one share of Aarti Pharmalabs for every four shares they hold in Aarti Industries,neutral,neutral,0.4385964912280701,neutral,-1.9780537106555076,negative
2022-10-19 15:59:42.000,684.0,700.0,681.25,687.0,1578744.0,Aarti Industries hits 52-week low ahead of pharma demerger record date,"As on record date, shareholders will receive one equity share of Aarti Pharmalabs for every four shares of Aarti Industries. The company had announced the demerger last year in August to focus on the opportunities within each sector separately",negative,neutral,0.4385964912280701,neutral,-1.9780537106555076,negative
2022-10-19 16:05:02.000,684.0,700.0,681.25,687.0,1578744.0,Aarti Industries: How demerger will impact stock,"With tomorrow being the record date, shares ended 5 per cent higher opened lower today",neutral,positive,0.4385964912280701,neutral,-1.9780537106555076,negative
2022-10-19 21:57:29.000,684.0,700.0,681.25,687.0,1578744.0,Trade setup for Thursday: Top 15 things to know before the opening bell,"Based on the open interest future percentage, there were 89 stocks in which a short build-up was seen include Aarti Industries, L&T Technology Services, Torrent Power, Polycab India, and Crompton Greaves Consumer Electrical",neutral,neutral,0.4385964912280701,neutral,-1.9780537106555076,negative
2022-10-20 16:52:05.000,692.6,696.85,675.0,678.9,631399.0,"Infosys, Aarti Industries, Ami Organics And More - Top Stock Picks For Diwali & Samvat 2079: KRChoksey",We have handpicked a few stocks ideas for buying this Diwali and Samvat 2079.,neutral,neutral,-1.9780537106555076,negative,0.6936838262139468,neutral
2022-10-27 21:54:03.000,694.9,696.0,684.35,690.55,356022.0,Trade setup for today: Top 15 things to know before the opening bell,"Based on the open interest future percentage, there were 151 stocks, in which short-covering was seen including Nifty Financial, Alkem Laboratories, Aarti Industries, Power Finance Corporation, and Power Grid Corporation of India.",neutral,neutral,-0.6259893509857567,neutral,0.4028776978417201,neutral
2022-11-13 13:31:00.000,717.0,717.7,699.2,705.35,500815.0,"Q2 results this week: Aarti Industries, Abbott India and more","Aarti Industries, Abbott India, Agarwal Industrial Corporation, AIA Engineering, GE Power, Apollo Tyres, Balkrishna Industries, Bharat Forge, CESC, Dish TV, Eros International, FDC, Future Lifestyle, GMR Airports, Grasim Industries, Hinduja Global, JM Financial, Khaitan, Kaveri Seed, Marksans Pharma…",neutral,neutral,-1.6248256624825632,negative,2.453102453102453,positive
2022-11-14 07:08:00.000,717.0,717.7,699.2,705.35,500815.0,"Stocks in the news: LIC, Godrej Properties, ONGC, Fortis, Bharat Dynamics and ZEEL","ONGC, Grasim, IRCTC, Bharat Forge, Biocon, Abbott India, Balkrishna Industries, NMDC, Aarti Industries, AIA Engineering, GMR Infra, Godrej Industries and Radico Khaitan are among the companies that will announce their results for September 2022 quarter today.",neutral,neutral,-1.6248256624825632,negative,2.453102453102453,positive
2022-11-16 18:40:19.000,672.0,678.0,654.0,655.0,1046077.0,Aarti Industries Q2 Results Review - Long Term Prospects Remain Buoyant: Dolat Capital,The quarterly numbers have been recasted to account for the pharma segment demerger.,neutral,neutral,-2.5297619047619047,negative,-0.7358519192838754,neutral
2022-11-16 22:18:24.000,672.0,678.0,654.0,655.0,1046077.0,Trade setup for today: Top 15 things to know before the opening bell,"Based on the open interest future percentage, there were 76 stocks in which a short build-up was seen including Aarti Industries, Metropolis Healthcare, AU Small Finance Bank, Persistent Systems, and Apollo Tyres.",neutral,neutral,-2.5297619047619047,negative,-0.7358519192838754,neutral
2022-11-17 08:47:00.000,672.0,678.0,654.0,655.0,1046077.0,"Results Review For ONGC, ABB India, Balkrishna Industries, Aarti Industries","Results Review For ONGC, ABB India, Balkrishna Industries, Aarti Industries",neutral,neutral,-2.5297619047619047,negative,-0.7358519192838754,neutral
2022-11-17 22:44:37.000,659.1,663.0,646.85,654.25,705551.0,Trade setup for today: Top 15 things to know before the opening bell,"Based on the open interest future percentage, there were 88 stocks in which a short build-up was seen including Aarti Industries, Metropolis Healthcare, Amara Raja Batteries, Info Edge, and Muthoot Finance.",neutral,neutral,-0.7358519192838754,neutral,1.850159890360892,positive
2022-11-18 15:59:05.000,659.1,663.0,646.85,654.25,705551.0,Hold Aarti Industries; target of Rs 730: Sharekhan,"Sharekhan recommended Hold rating on Aarti Industries with a target price of Rs 730 in its research report dated November 16, 2022.",neutral,positive,-0.7358519192838754,neutral,1.850159890360892,positive
2022-11-21 08:28:00.000,656.7,679.9,655.4,668.85,1663380.0,Stocks of Aarti Industries and Deepak Fertilizers gain after the two sign Nitric Acid supply agreement,"The increase followed after efforts to sign an agreement worth Rs 8,000 crore",positive,positive,1.850159890360892,positive,0.2908060547311976,neutral
2022-11-21 08:37:40.000,656.7,679.9,655.4,668.85,1663380.0,"Stocks that will see action on November 21, 2022","Steel stocks, RHI Magnesita, IEX, CDSL, Aarti Industries, Deepak Fertilisers, Tata Motors, Dr Reddy’s Lab, Policybazaar, Aurobindo Pharma, Strides Arcolab, Natural Capsules, Ashoka Buildcon, 3i Infotech, BEL, BPCL, Engineers India, Jindal Stainless, ZF Steering and Zomato, REC, Kanoria Chem",neutral,neutral,1.850159890360892,positive,0.2908060547311976,neutral
2022-11-21 10:54:07.000,656.7,679.9,655.4,668.85,1663380.0,"Aarti Industries: Post demerger, a pure play on aromatic chemistry",The near-term growth profile is blurred by a potential decline in realisations and the persistence of demand weakness,positive,negative,1.850159890360892,positive,0.2908060547311976,neutral
2022-11-21 14:37:55.000,670.55,680.55,668.0,672.5,1249675.0,Hold Aarti Industries; target of Rs 730: Sharekhan,"Sharekhan recommended Hold rating on Aarti Industries with a target price of Rs 730 in its research report dated November 15, 2022.",neutral,positive,0.2908060547311976,neutral,-2.573936130983117,negative
2022-11-21 14:56:00.000,670.55,680.55,668.0,672.5,1249675.0,"Deepak Fertilisers, Aarti Industries join hands for Nitric Acid offtake, supply arrangement","The agreement is expected to be executed before the close of this calendar year, DFPCL said in a statement adding that the supply arrangement will come into effect from April 1, 2023.",neutral,neutral,0.2908060547311976,neutral,-2.573936130983117,negative
2022-11-21 15:12:17.000,670.55,680.55,668.0,672.5,1249675.0,"2 chemical stocks rally on signing ₹8,000 crore worth contract","Aarti Industries, Deepak Fertilisers have signed a long-term binding contract with each other for offtake and supply of Nitric Acid, valued at over ₹8,000 crore",positive,positive,0.2908060547311976,neutral,-2.573936130983117,negative
2022-11-21 18:26:10.000,670.55,680.55,668.0,672.5,1249675.0,"Aarti Industries and Deepak Fertilisers ink pact for ₹8,000-cr nitric acid supply arrangement",Nitric acid is a critical building block intermediary chemical for the speciality chemicals sector,positive,neutral,0.2908060547311976,neutral,-2.573936130983117,negative
2022-11-22 10:51:55.000,670.55,680.55,668.0,672.5,1249675.0,Buy Aarti Industries ; target of Rs 845: YES Securities,"YES Securities is bullish on Aarti Industries has recommended buy rating on the stock with a target price of Rs 845 in its research report dated November 22, 2022.",neutral,positive,0.2908060547311976,neutral,-2.573936130983117,negative
2022-11-22 17:30:00.000,677.95,677.95,659.0,660.5,687008.0,"What analysts say on PVR, Aarti Industries, Indoco Remedies & Mishra Dhatu","Aarti Industries’ Q2 adjusted Ebitda at Rs 270 crore (up 31.5 per cent YoY) stood largely in‐line with YES Securities’ estimate. The YoY growth stemmed from adjustment for shortfall fee of Rs 52 crore in the in base quarter, it said",neutral,positive,-2.573936130983117,negative,-1.2030075187969926,negative
2022-11-22 17:30:00.000,677.95,677.95,659.0,660.5,687008.0,"Buzzing stocks: Route Mobile, Dhunseri Tea, Thomas Cook, Aarti Industries & more",Dhunseri Tea and Industries surged 5.93 per cent to hit a high of Rs 232.10 on BSE after the company entered into memorandum of understanding (MoU) with Warren Tea to acquire three tea estates in Assam,neutral,positive,-2.573936130983117,negative,-1.2030075187969926,negative
2022-11-22 18:28:20.000,677.95,677.95,659.0,660.5,687008.0,Buy Aarti Industries; target of Rs 800: Anand Rathi,"Anand Rathi is bullish on Aarti Industries has recommended buy rating on the stock with a target price of Rs 800 in its research report dated November 21, 2022.",neutral,positive,-2.573936130983117,negative,-1.2030075187969926,negative
2022-11-23 11:51:05.000,677.95,677.95,659.0,660.5,687008.0,Specialty chemical stock down 55% from 52-wk high. Should you Buy post demerger?,Aarti Industries became the pure play in specialty chemicals post the demerger of its Pharma business,negative,positive,-2.573936130983117,negative,-1.2030075187969926,negative
2022-12-07 15:51:13.000,666.5,666.5,658.8,662.95,346042.0,Accumulate Aarti Industries; target of Rs 775: Prabhudas Lilladher,"Prabhudas Lilladher recommended accumulate rating on Aarti Industries with a target price of Rs 775 in its research report dated November 16, 2022.",neutral,positive,-0.5326331582895656,neutral,-1.3053263315829025,negative
2022-12-26 21:05:18.000,613.0,620.75,608.8,618.75,559343.0,Trade setup for today: Top 15 things to know before the opening bell,"Based on the open interest future percentage, a total of 119 stocks witnessed short-covering on Monday including Aarti Industries, Firstsource Solutions, HDFC AMC, Deepak Nitrite, and City Union Bank.",neutral,neutral,0.938009787928222,positive,0.40703353956366,neutral
2023-01-16 21:58:02.000,570.25,575.4,567.55,574.6,311727.0,Trade setup for today: Top 15 things to know before the opening bell,"Based on the OI percentage, a short build-up was seen in 82 stocks on Monday (January 16), including PVR, LTIMindtree, SBI Card, Dixon Technologies, and Aarti Industries.",neutral,positive,0.7628233231039058,neutral,0.4423627374446968,neutral
2023-01-30 13:50:14.000,532.8,541.4,527.0,539.0,520830.0,Aarti Pharmalabs slumps on debut,Aarti Pharmalabs hit a lower circuit of 5% at Rs 377.15 on listing on the stocks exchanges today post demerger with Aarti Industries.,neutral,neutral,1.1636636636636724,positive,-2.547065337763004,negative
2023-02-03 18:04:27.000,530.0,532.75,518.0,530.95,543709.0,Aarti Industries consolidated net profit declines 81.18% in the December 2022 quarter,Sales decline 19.68% to Rs 1667.68 crore,negative,negative,0.1792452830188765,neutral,10.685226938535424,positive
2023-02-06 12:01:10.000,565.0,565.95,527.0,537.6,2015207.0,Q3 Review: Analysing Aarti Industries Third Quarter Report Card,Q3 Review: Analysing Aarti Industries Third Quarter Report Card Aarti Industries’ net profit and sales decline in third quarter. Chairman & MD Rajendra Gogri talks about the growth strategies for coming quarters. Aarti Industries’ net profit and sales decline in third quarter.,neutral,negative,-4.84955752212389,negative,1.8048870788596811,positive
2023-02-07 08:31:02.000,565.0,565.95,527.0,537.6,2015207.0,"Dalmia Bharat, Sundaram Finance, Apollo Tyres, Aarti Industries, MCX, Emami Q3 Results Review: HDFC Securities",We continue to like Dalmia Bharat Ltd. for its robust volume and margin outlook.,neutral,neutral,-4.84955752212389,negative,1.8048870788596811,positive
2023-02-07 18:09:00.000,540.2,550.0,535.95,549.95,856132.0,"Results Review for Dalmia Bharat, Sundaram Finance, Apollo Tyres, Aarti Industries","Results Review for Dalmia Bharat, Sundaram Finance, Apollo Tyres, Aarti Industries",neutral,neutral,1.8048870788596811,positive,-1.7000000000000042,negative
2023-02-10 16:36:51.000,539.8,551.05,534.0,544.8,762886.0,Hold Aarti Industries; target of Rs 590: Sharekhan,"Sharekhan recommended Hold rating on Aarti Industries with a target price of Rs 590 in its research report dated February 07, 2023.",neutral,positive,0.9262689885142646,positive,-0.8355522908823717,neutral
2023-03-31 15:57:20.000,512.0,526.7,510.65,517.4,1322365.0,Aarti Industries — Preparing For 2023 And Beyond: Systematix,"Aarti Industries’ capacity expansion, venture into new chemistry and value-added products expected to drive growth FY25 onwards.",neutral,positive,1.0546874999999956,positive,0.3473562331146188,neutral
2023-03-31 16:48:06.000,512.0,526.7,510.65,517.4,1322365.0,Accumulate Aarti Industries; target of Rs 550: Nirmal Bang,"Nirmal Bang recommended accumulate rating on Aarti Industries with a target price of Rs 550 in its research report dated March 31, 2023.",neutral,positive,1.0546874999999956,positive,0.3473562331146188,neutral
2023-04-26 22:50:24.000,551.3,555.9,548.5,553.7,281241.0,Trade setup for today: Top 15 things to know before the opening bell,"Based on the OI percentage, 87 stocks were on the short-covering list. These included Dalmia Bharat, Bharat Electronics, Aarti Industries, Tata Consumer Products and Escorts.",neutral,neutral,0.4353346635225995,neutral,1.0810810810810811,positive
2023-05-01 20:29:56.000,565.7,566.55,555.0,556.8,553228.0,Trade setup for today: Top 15 things to know before the opening bell,"Based on the OI percentage, 83 stocks, including Aarti Industries, Syngene International, IndiaMART InterMESH, Laurus Labs, and IDFC First Bank, saw long build-ups.",neutral,positive,-1.5732720523245696,negative,-0.7194244604316548,neutral
2023-05-08 08:11:17.000,549.45,557.55,537.15,555.4,1492991.0,"Stocks to watch: Coal India, Adani Transmission, Adani Total Gas, Paytm, Britannia, Lupin, Ajanta Pharma, Marico | The Financial Express","UPL, Canara Bank, Indian Bank, Aarti Industries, Apollo Pipes, Birlasoft, CG Power and Industrial Solutions, Craftsman Automation, Exide Industries, Happiest Minds Technologies and others will be in focus ahead of quarterly earnings on May 8.",neutral,neutral,1.0829010829010703,positive,1.309686221009558,positive
2023-05-08 09:07:48.000,549.45,557.55,537.15,555.4,1492991.0,"Stocks that will see action on May 8, 2023","Buzzing stocks: Indian Bank, Canara Bank, Manappuram Finance, TCNS, ABFRL, Aarti Industries, ITC, ADF Foods, PNC Infratech, Amara Raja Batteries, Thermax, SJVN, Bharat Forge, DCB Bank, Lupin, Mahanagar Gas, CUMI, Exide Industries, Happiest Minds, UPL, Pidilite Industries",neutral,neutral,1.0829010829010703,positive,1.309686221009558,positive
2023-05-09 09:28:52.000,549.75,567.8,535.45,556.95,1876490.0,"Stocks to Watch: Aarti Industries, Lupin, Pidilite, Mankind, Nazara Tech, and Others","Stocks to watch: Shares of firms like Aarti Industries, Lupin, Pidilite, Mankind Pharma, Nazara Tech, and others will be in focus on Tuesday’s trade.",neutral,neutral,1.309686221009558,positive,-8.530207394048695,negative
2023-05-09 17:30:00.000,554.5,554.5,501.55,507.2,8391843.0,"Pidilite, Birlasoft, Raymond, Nazara Tech among stocks to watch out for today","Stocks to watch out for today: Aarti Industries, Pidilite Industries, Birlasoft, Raymond, Nazara Tech, Apollo Pipes and more",neutral,neutral,-8.530207394048695,negative,0.1970055161544523,neutral
2023-05-10 11:10:19.000,554.5,554.5,501.55,507.2,8391843.0,Aarti Industries sinks 8% as analysts turn cautious on stock post weak Q4,Ebitda margin slipped to 13.7 per cent (down 200bps YoY) on account of higher than expected staff cost and other expenses,negative,negative,-8.530207394048695,negative,0.1970055161544523,neutral
2023-05-10 11:17:12.000,554.5,554.5,501.55,507.2,8391843.0,Aarti Industries tumbles 8% as weak demand remains key risk but brokerages upbeat,"For the quarter ended March 2023, Aarti Industries profit grew 2 percent year-on-year to Rs 149 crore, while revenue jumped 15 percent to Rs 1,656 crore",negative,positive,-8.530207394048695,negative,0.1970055161544523,neutral
2023-05-10 12:41:52.000,507.6,519.4,506.5,508.6,3361656.0,"Aarti Industries Shares Tank 8% on Weak Q4 Results, Guidance; Should you Invest?",Aarti Industries’ share price declined 8.3 per cent to Rs 511 apiece on the BSE on Wednesday; What should investors do now?,neutral,negative,0.1970055161544523,neutral,-1.7584994138335288,negative
2023-05-10 13:44:00.000,507.6,519.4,506.5,508.6,3361656.0,2 top stock recommendations from Shilpa Rout,Aarti Industries has a strong support at around 495-498 zones. So wait for the dip to happen a bit more and buy around 500 and look for targets of 550 again from here. It has bounced back many times from those levels.,neutral,positive,0.1970055161544523,neutral,-1.7584994138335288,negative
2023-05-10 17:30:00.000,507.6,519.4,506.5,508.6,3361656.0,"Aarti Industries shares plunge 6% on Q4 results, guidance. Further fall ahead for stock?",Aarti Industries shares fell 5.80 per cent to hit a low of Rs 525.15. Kotak’s target suggests limited downside ahead. Phillip Capital cut the rating for Aarti Industries to ‘neutral’ with a reduced stock price target of Rs 600.,negative,negative,0.1970055161544523,neutral,-1.7584994138335288,negative
2023-05-10 17:59:00.000,507.6,519.4,506.5,508.6,3361656.0,"Results Review for Aarti Industries, Westlife Foodworld, Kalpataru Power","Results Review for Aarti Industries, Westlife Foodworld, Kalpataru Power",neutral,neutral,0.1970055161544523,neutral,-1.7584994138335288,negative
2023-05-11 22:47:22.000,511.8,514.7,500.7,502.8,2150393.0,Trade setup for Friday: Top 15 things to know before the opening bell,"Based on the OI percentage, 60 stocks were on the short-covering list. These included Oracle Financial, GNFC, Syngene International, Aarti Industries, and Pidilite Industries.",neutral,neutral,-1.7584994138335288,negative,0.8059701492537337,neutral
2023-05-12 16:12:40.000,511.8,514.7,500.7,502.8,2150393.0,Buy Aarti Industries; target of Rs 730: YES Securities,"YES Securities is bullish on Aarti Industries has recommended buy rating on the stock with a target price of Rs 730 in its research report dated May 10, 2023.",neutral,positive,-1.7584994138335288,negative,0.8059701492537337,neutral
2023-05-22 22:11:59.000,508.9,513.85,506.25,507.75,940938.0,Trade setup for Tuesday: Top 15 things to know before the opening bell,"Based on the OI percentage, 71 stocks were on the short-covering list. These included IRCTC, Abbott India, Aarti Industries, Divis Laboratories, and Balrampur Chini Mills.",neutral,neutral,-0.2259775987423811,neutral,0.748326112642775,neutral
2023-05-24 23:09:25.000,513.0,514.05,504.35,507.45,614317.0,Trade setup for Thursday: Top 15 things to know before the opening bell,"Based on the OI percentage, 60 stocks were on the short-covering list. These included Alkem Laboratories, IndusInd Bank, United Breweries, Dr Lal PathLabs and Aarti Industries.",neutral,neutral,-1.081871345029242,negative,0.6995763129372374,neutral
2023-06-06 22:30:35.000,514.0,523.0,511.7,522.5,934200.0,Trade setup for Wednesday: Top 15 things to know before the opening bell,"Based on the OI percentage, 58 stocks, including Mphasis, Indian Energy Exchange, Persistent Systems, Chambal Fertilizers, and Aarti Industries, saw a short build-up.",neutral,positive,1.6536964980544748,positive,-1.8723729461215048,negative
2023-07-04 22:45:09.000,493.5,493.5,485.1,487.25,1710518.0,Trade setup for Wednesday: Top 15 things to know before the opening bell,"A short build-up was seen in 74 stocks including Eicher Motors, Bata India, Atul, Aarti Industries and Info Edge India, based on the OI percentage.",neutral,positive,-1.266464032421479,negative,-0.4192229038854829,neutral
2023-07-10 22:02:54.000,454.0,458.6,447.75,449.7,2264281.0,Trade setup for Tuesday: Top 15 things to know before the opening bell,"A short build-up was seen in 79 stocks, including Aarti Industries, Dalmia Bharat, Atul, Laurus Labs and Jubilant Foodworks. An increase in OI along with a price fall indicates a build-up of short positions",neutral,positive,-0.9471365638766546,negative,0.8520526723470102,neutral
2023-08-09 18:08:05.000,469.95,469.95,460.0,461.75,1386960.0,Q1 Review: Aarti Industries June Quarter PAT And Revenue Dip,Q1 Review: Aarti Industries June Quarter PAT And Revenue Dip,neutral,neutral,-1.7448664751569292,negative,-1.1137543252595108,negative
2023-08-11 22:18:30.000,462.4,464.25,455.25,457.25,862076.0,Hold Aarti Industries; target of Rs 495: Prabhudas Lilladher,"Prabhudas Lilladher recommended hold rating on Aarti Industries with a target price of Rs 495 in its research report dated August 09, 2023.",neutral,positive,-1.1137543252595108,negative,1.557017543859654,positive
2023-08-14 20:05:31.000,456.0,465.85,449.05,463.1,1168360.0,Buy Aarti Industries; target of Rs 619: HDFC Securities,"HDFC Securities is bullish on Aarti Industries has recommended buy rating on the stock with a target price of Rs 619 in its research report dated August 09, 2023.",neutral,positive,1.557017543859654,positive,-0.0216450216450265,neutral
2023-08-15 18:22:41.000,462.0,463.55,457.4,461.9,619719.0,Hold Aarti Industries; target of Rs 500: Sharekhan,"Sharekhan recommended Hold rating on Aarti Industries with a target price of Rs 500 in its research report dated August 10, 2023.",neutral,positive,-0.0216450216450265,neutral,0.7912087912087963,neutral
